Date, Time, Endpoint, Url
1/22/2022, 4:05:18 AM, geoapify, http://touristserver.sami200.repl.co/geoapify?url=https%3A%2F%2Fapi.geoapify.com%2Fv2%2Fplaces%2F%3Fcategories%3Dcatering.fast_food%26filter%3Dcircle%3A-104.9847%2C39.7392%2C80450%26bias%3Dproximity%3A-104.9847%2C39.7392%26limit%3D10&cpuserialid=1234567
1/22/2022, 8:04:02 PM, geoapify, http://touristserver.sami200.repl.co/geoapify?url=abc&cpuserialid=123456789
1/22/2022, 8:04:22 PM, recommendations, http://touristserver.sami200.repl.co/recommendations?cpuserialid=123456789
1/22/2022, 8:04:27 PM, recommendations, http://touristserver.sami200.repl.co/recommendations?cpuserialid=123456789
1/22/2022, 8:05:12 PM, recommendations, http://touristserver.sami200.repl.co/recommendations?cpuserialid=123456789&lat=73&long=-142
1/22/2022, 8:05:17 PM, recommendations, http://touristserver.sami200.repl.co/recommendations?cpuserialid=123456789&lat=73&long=-142
1/25/2022, 3:00:53 AM, ipinfo, http://touristserver.sami200.repl.co/ipinfo?url=https%3a%2f%2fipinfo.io%2f76.25.155.188%2fjson
1/25/2022, 3:01:06 AM, geoapify, http://touristserver.sami200.repl.co/geoapify?url=https%3a%2f%2fapi.geoapify.com%2fv2%2fplaces%2f%3fcategories%3dcatering.fast_food%26filter%3dcircle%3a-104.9847%2c39.7392%2c80450%26bias%3dproximity%3a-104.9847%2c39.7392%26limit%3d10&cpuserialid=BFEBFBFF000906EA
1/25/2022, 3:01:10 AM, weather, http://touristserver.sami200.repl.co/weather?long=-104.9833761&lat=39.7370192
1/25/2022, 3:01:12 AM, weather, http://touristserver.sami200.repl.co/weather?long=-104.983361&lat=39.7366946
1/25/2022, 3:01:13 AM, weather, http://touristserver.sami200.repl.co/weather?long=-104.983933&lat=39.7365152
1/25/2022, 3:01:15 AM, weather, http://touristserver.sami200.repl.co/weather?long=-104.9807885&lat=39.7401978
1/25/2022, 3:01:16 AM, weather, http://touristserver.sami200.repl.co/weather?long=-104.9876186&lat=39.7414905
1/26/2022, 5:08:53 AM, ipinfo, http://touristserver.sami200.repl.co/ipinfo?url=https%3a%2f%2fipinfo.io%2f76.25.155.188%2fjson
1/26/2022, 5:08:58 AM, geoapify, http://touristserver.sami200.repl.co/geoapify?url=https%3a%2f%2fapi.geoapify.com%2fv2%2fplaces%2f%3fcategories%3dcatering.fast_food%26filter%3dcircle%3a-104.9847%2c39.7392%2c80450%26bias%3dproximity%3a-104.9847%2c39.7392%26limit%3d10&cpuserialid=BFEBFBFF000906EA
1/26/2022, 5:16:03 AM, ipinfo, http://touristserver.sami200.repl.co/ipinfo?url=https%3a%2f%2fipinfo.io%2f76.25.155.188%2fjson
1/26/2022, 5:16:08 AM, geoapify, http://touristserver.sami200.repl.co/geoapify?url=https%3a%2f%2fapi.geoapify.com%2fv2%2fplaces%2f%3fcategories%3dcatering.fast_food%26filter%3dcircle%3a-104.9847%2c39.7392%2c80450%26bias%3dproximity%3a-104.9847%2c39.7392%26limit%3d10&cpuserialid=BFEBFBFF000906EA
1/26/2022, 5:18:51 AM, ipinfo, http://touristserver.sami200.repl.co/ipinfo?url=https%3a%2f%2fipinfo.io%2f76.25.155.188%2fjson
1/26/2022, 5:18:55 AM, geoapify, http://touristserver.sami200.repl.co/geoapify?url=https%3a%2f%2fapi.geoapify.com%2fv2%2fplaces%2f%3fcategories%3dcatering.fast_food%26filter%3dcircle%3a-104.9847%2c39.7392%2c80450%26bias%3dproximity%3a-104.9847%2c39.7392%26limit%3d10&cpuserialid=BFEBFBFF000906EA
1/26/2022, 5:19:29 AM, weather, http://touristserver.sami200.repl.co/weather?long=-104.9833761&lat=39.7370192
1/26/2022, 5:20:49 AM, ipinfo, http://touristserver.sami200.repl.co/ipinfo?url=https%3a%2f%2fipinfo.io%2f76.25.155.188%2fjson
1/26/2022, 5:20:53 AM, geoapify, http://touristserver.sami200.repl.co/geoapify?url=https%3a%2f%2fapi.geoapify.com%2fv2%2fplaces%2f%3fcategories%3dcatering.fast_food%26filter%3dcircle%3a-104.9847%2c39.7392%2c80450%26bias%3dproximity%3a-104.9847%2c39.7392%26limit%3d10&cpuserialid=BFEBFBFF000906EA
1/26/2022, 5:21:37 AM, ipinfo, http://touristserver.sami200.repl.co/ipinfo?url=https%3a%2f%2fipinfo.io%2f76.25.155.188%2fjson
1/26/2022, 5:21:42 AM, geoapify, http://touristserver.sami200.repl.co/geoapify?url=https%3a%2f%2fapi.geoapify.com%2fv2%2fplaces%2f%3fcategories%3dcatering.fast_food%26filter%3dcircle%3a-104.9847%2c39.7392%2c80450%26bias%3dproximity%3a-104.9847%2c39.7392%26limit%3d10&cpuserialid=BFEBFBFF000906EA
1/26/2022, 5:23:01 AM, weather, http://touristserver.sami200.repl.co/weather?long=-104.9876186&lat=39.7414905
1/26/2022, 5:33:24 AM, ipinfo, http://touristserver.sami200.repl.co/ipinfo?url=https%3a%2f%2fipinfo.io%2f76.25.155.188%2fjson
1/26/2022, 5:33:29 AM, geoapify, http://touristserver.sami200.repl.co/geoapify?url=https%3a%2f%2fapi.geoapify.com%2fv2%2fplaces%2f%3fcategories%3dcatering.fast_food%26filter%3dcircle%3a-104.9847%2c39.7392%2c80450%26bias%3dproximity%3a-104.9847%2c39.7392%26limit%3d10&cpuserialid=BFEBFBFF000906EA
1/26/2022, 5:33:36 AM, weather, http://touristserver.sami200.repl.co/weather?long=-104.983933&lat=39.7365152
1/26/2022, 5:33:36 AM, weather, http://touristserver.sami200.repl.co/weather?long=-104.983933&lat=39.7365152
1/26/2022, 5:33:39 AM, weather, http://touristserver.sami200.repl.co/weather?long=-104.983361&lat=39.7366946
1/27/2022, 5:44:23 AM, ipinfo, http://touristserver.sami200.repl.co/ipinfo?url=https%3a%2f%2fipinfo.io%2f76.25.155.188%2fjson
1/27/2022, 5:44:28 AM, geoapify, http://touristserver.sami200.repl.co/geoapify?url=https%3a%2f%2fapi.geoapify.com%2fv2%2fplaces%2f%3fcategories%3dcatering.fast_food%26filter%3dcircle%3a-104.9847%2c39.7392%2c80450%26bias%3dproximity%3a-104.9847%2c39.7392%26limit%3d10&cpuserialid=BFEBFBFF000906EA
1/27/2022, 5:44:33 AM, weather, http://touristserver.sami200.repl.co/weather?long=-104.983933&lat=39.7365152
1/27/2022, 5:44:54 AM, weather, http://touristserver.sami200.repl.co/weather?long=-104.9833761&lat=39.7370192
1/28/2022, 4:47:37 AM, ipinfo, http://touristserver.sami200.repl.co/ipinfo?url=https%3a%2f%2fipinfo.io%2f73.153.177.88%2fjson
1/28/2022, 4:47:40 AM, geoapify, http://touristserver.sami200.repl.co/geoapify?url=https%3a%2f%2fapi.geoapify.com%2fv2%2fplaces%2f%3fcategories%3dcatering%26filter%3dcircle%3a-104.8769%2c39.5792%2c80450%26bias%3dproximity%3a-104.8769%2c39.5792%26limit%3d10&cpuserialid=BFEBFBFF000706E5
1/28/2022, 4:47:45 AM, weather, http://touristserver.sami200.repl.co/weather?long=-104.8867284&lat=39.5808038
1/28/2022, 4:47:47 AM, weather, http://touristserver.sami200.repl.co/weather?long=-104.8867284&lat=39.5808038
1/28/2022, 4:47:59 AM, weather, http://touristserver.sami200.repl.co/weather?long=-104.876178596738&lat=39.58206355
1/28/2022, 4:48:00 AM, weather, http://touristserver.sami200.repl.co/weather?long=-104.876178596738&lat=39.58206355
1/28/2022, 4:48:01 AM, weather, http://touristserver.sami200.repl.co/weather?long=-104.8710976&lat=39.5795267
1/28/2022, 4:48:01 AM, weather, http://touristserver.sami200.repl.co/weather?long=-104.873051561193&lat=39.57987395
1/28/2022, 4:48:03 AM, weather, http://touristserver.sami200.repl.co/weather?long=-104.8867284&lat=39.5808038
1/28/2022, 4:48:03 AM, weather, http://touristserver.sami200.repl.co/weather?long=-104.8867284&lat=39.5808038
1/28/2022, 4:48:07 AM, ipinfo, http://touristserver.sami200.repl.co/ipinfo?url=https%3a%2f%2fipinfo.io%2f71.205.192.41%2fjson
1/28/2022, 4:48:19 AM, bingmaps, http://touristserver.sami200.repl.co/bingmaps?url=https%3a%2f%2fdev.virtualearth.net%2fREST%2fv1%2fLocations%3fq%3d9059+E+berry
1/28/2022, 4:48:22 AM, geoapify, http://touristserver.sami200.repl.co/geoapify?url=https%3a%2f%2fapi.geoapify.com%2fv2%2fplaces%2f%3fcategories%3dcatering%26filter%3dcircle%3a-104.882690012672%2c39.6164372113695%2c80450%26bias%3dproximity%3a-104.882690012672%2c39.6164372113695%26limit%3d10&cpuserialid=BFEBFBFF000706E5
1/28/2022, 4:48:34 AM, weather, http://touristserver.sami200.repl.co/weather?long=-104.8893375&lat=39.6191637
1/28/2022, 4:48:36 AM, weather, http://touristserver.sami200.repl.co/weather?long=-104.8893425&lat=39.6189278
1/28/2022, 4:48:37 AM, weather, http://touristserver.sami200.repl.co/weather?long=-104.8893375&lat=39.6191637
1/28/2022, 4:48:40 AM, weather, http://touristserver.sami200.repl.co/weather?long=-104.8894458&lat=39.618839
1/28/2022, 4:48:41 AM, weather, http://touristserver.sami200.repl.co/weather?long=-104.8887955&lat=39.6195297
1/28/2022, 4:48:42 AM, weather, http://touristserver.sami200.repl.co/weather?long=-104.8894875&lat=39.6183168
1/28/2022, 4:48:42 AM, weather, http://touristserver.sami200.repl.co/weather?long=-104.8893425&lat=39.6189278
1/28/2022, 4:48:43 AM, weather, http://touristserver.sami200.repl.co/weather?long=-104.8893375&lat=39.6191637
1/28/2022, 4:48:44 AM, ipinfo, http://touristserver.sami200.repl.co/ipinfo?url=https%3a%2f%2fipinfo.io%2f71.205.192.41%2fjson
1/28/2022, 4:48:45 AM, weather, http://touristserver.sami200.repl.co/weather?long=-104.8892072&lat=39.6196525
1/28/2022, 4:48:47 AM, weather, http://touristserver.sami200.repl.co/weather?long=-104.8894875&lat=39.6183168
1/28/2022, 4:48:48 AM, geoapify, http://touristserver.sami200.repl.co/geoapify?url=https%3a%2f%2fapi.geoapify.com%2fv2%2fplaces%2f%3fcategories%3dentertainment.theme_park%26filter%3dcircle%3a-104.9847%2c39.7392%2c64360%26bias%3dproximity%3a-104.9847%2c39.7392%26limit%3d10&cpuserialid=BFEBFBFF000206D7
1/28/2022, 4:48:55 AM, weather, http://touristserver.sami200.repl.co/weather?long=-105.0122242313&lat=39.7490547
1/28/2022, 4:48:57 AM, weather, http://touristserver.sami200.repl.co/weather?long=-105.054033929077&lat=39.7804526
1/28/2022, 4:48:59 AM, weather, http://touristserver.sami200.repl.co/weather?long=-104.8779284&lat=39.7729381
1/28/2022, 4:49:06 AM, weather, http://touristserver.sami200.repl.co/weather?long=-104.8779284&lat=39.7729381
1/28/2022, 4:49:06 AM, weather, http://touristserver.sami200.repl.co/weather?long=-105.211614351619&lat=39.7124149
1/28/2022, 4:49:06 AM, weather, http://touristserver.sami200.repl.co/weather?long=-104.8779284&lat=39.7729381
1/28/2022, 4:49:10 AM, weather, http://touristserver.sami200.repl.co/weather?long=-104.8779284&lat=39.7729381
1/28/2022, 4:49:10 AM, weather, http://touristserver.sami200.repl.co/weather?long=-104.8892072&lat=39.6196525
1/28/2022, 4:49:14 AM, weather, http://touristserver.sami200.repl.co/weather?long=-105.0122242313&lat=39.7490547
1/28/2022, 4:49:15 AM, weather, http://touristserver.sami200.repl.co/weather?long=-104.8779284&lat=39.7729381
1/28/2022, 4:49:16 AM, weather, http://touristserver.sami200.repl.co/weather?long=-105.054033929077&lat=39.7804526
1/28/2022, 4:49:17 AM, weather, http://touristserver.sami200.repl.co/weather?long=-104.8893425&lat=39.6189278
1/28/2022, 4:49:17 AM, weather, http://touristserver.sami200.repl.co/weather?long=-104.8779284&lat=39.7729381
1/28/2022, 4:49:17 AM, weather, http://touristserver.sami200.repl.co/weather?long=-104.8893375&lat=39.6191637
1/28/2022, 4:49:28 AM, weather, http://touristserver.sami200.repl.co/weather?long=-104.8779284&lat=39.7729381
1/28/2022, 4:49:29 AM, weather, http://touristserver.sami200.repl.co/weather?long=-104.8779284&lat=39.7729381
1/28/2022, 4:49:30 AM, weather, http://touristserver.sami200.repl.co/weather?long=-105.054033929077&lat=39.7804526
1/28/2022, 4:49:47 AM, ipinfo, http://touristserver.sami200.repl.co/ipinfo?url=https%3a%2f%2fipinfo.io%2f73.153.177.88%2fjson
1/28/2022, 4:49:49 AM, ipinfo, http://touristserver.sami200.repl.co/ipinfo?url=https%3a%2f%2fipinfo.io%2f71.205.192.41%2fjson
1/28/2022, 4:49:51 AM, geoapify, http://touristserver.sami200.repl.co/geoapify?url=https%3a%2f%2fapi.geoapify.com%2fv2%2fplaces%2f%3fcategories%3daccommodation%26filter%3dcircle%3a-104.8769%2c39.5792%2c80450%26bias%3dproximity%3a-104.8769%2c39.5792%26limit%3d10&cpuserialid=BFEBFBFF000706E5
1/28/2022, 4:49:52 AM, geoapify, http://touristserver.sami200.repl.co/geoapify?url=https%3a%2f%2fapi.geoapify.com%2fv2%2fplaces%2f%3fcategories%3dtourism%26filter%3dcircle%3a-104.9847%2c39.7392%2c80450%26bias%3dproximity%3a-104.9847%2c39.7392%26limit%3d10&cpuserialid=BFEBFBFF000206D7
1/28/2022, 4:49:56 AM, weather, http://touristserver.sami200.repl.co/weather?long=-104.877856200651&lat=39.58727865
1/28/2022, 4:49:56 AM, weather, http://touristserver.sami200.repl.co/weather?long=-104.877723260858&lat=39.5860522
1/28/2022, 4:49:57 AM, weather, http://touristserver.sami200.repl.co/weather?long=-104.87486824723&lat=39.5846203
1/28/2022, 4:49:57 AM, weather, http://touristserver.sami200.repl.co/weather?long=-104.9846802&lat=39.7393037
1/28/2022, 4:49:58 AM, weather, http://touristserver.sami200.repl.co/weather?long=-104.873780472859&lat=39.5829626
1/28/2022, 4:50:10 AM, weather, http://touristserver.sami200.repl.co/weather?long=-104.877856200651&lat=39.58727865
1/28/2022, 4:50:11 AM, weather, http://touristserver.sami200.repl.co/weather?long=-104.87486824723&lat=39.5846203
1/28/2022, 4:50:23 AM, weather, http://touristserver.sami200.repl.co/weather?long=-104.8787729934&lat=39.5811895
1/28/2022, 4:50:23 AM, ipinfo, http://touristserver.sami200.repl.co/ipinfo?url=https%3a%2f%2fipinfo.io%2f71.205.192.41%2fjson
1/28/2022, 4:50:24 AM, weather, http://touristserver.sami200.repl.co/weather?long=-104.880418085675&lat=39.5737282
1/28/2022, 4:50:25 AM, weather, http://touristserver.sami200.repl.co/weather?long=-104.87486824723&lat=39.5846203
1/28/2022, 4:50:25 AM, weather, http://touristserver.sami200.repl.co/weather?long=-104.873780472859&lat=39.5829626
1/28/2022, 4:50:26 AM, weather, http://touristserver.sami200.repl.co/weather?long=-104.879495010822&lat=39.58848385
1/28/2022, 4:50:26 AM, weather, http://touristserver.sami200.repl.co/weather?long=-104.877723260858&lat=39.5860522
1/28/2022, 4:50:26 AM, weather, http://touristserver.sami200.repl.co/weather?long=-104.880006859316&lat=39.58947705
1/28/2022, 4:50:26 AM, weather, http://touristserver.sami200.repl.co/weather?long=-104.880006859316&lat=39.58947705
1/28/2022, 4:50:26 AM, weather, http://touristserver.sami200.repl.co/weather?long=-104.877856200651&lat=39.58727865
1/28/2022, 4:50:27 AM, weather, http://touristserver.sami200.repl.co/weather?long=-104.877723260858&lat=39.5860522
1/28/2022, 4:50:27 AM, weather, http://touristserver.sami200.repl.co/weather?long=-104.877723260858&lat=39.5860522
1/28/2022, 4:50:27 AM, geoapify, http://touristserver.sami200.repl.co/geoapify?url=https%3a%2f%2fapi.geoapify.com%2fv2%2fplaces%2f%3fcategories%3dtourism%26filter%3dcircle%3a-104.9847%2c39.7392%2c80450%26bias%3dproximity%3a-104.9847%2c39.7392%26limit%3d10&cpuserialid=BFEBFBFF000206D7
1/28/2022, 4:51:03 AM, weather, http://touristserver.sami200.repl.co/weather?long=-104.9846802&lat=39.7393037
1/28/2022, 4:51:05 AM, weather, http://touristserver.sami200.repl.co/weather?long=-104.9847872&lat=39.7392613
1/28/2022, 4:51:06 AM, weather, http://touristserver.sami200.repl.co/weather?long=-104.9848203&lat=39.7391667
1/28/2022, 4:51:07 AM, weather, http://touristserver.sami200.repl.co/weather?long=-104.9846807&lat=39.7391632
1/28/2022, 4:51:08 AM, weather, http://touristserver.sami200.repl.co/weather?long=-104.9847736&lat=39.7391808
1/28/2022, 4:51:21 AM, ipinfo, http://touristserver.sami200.repl.co/ipinfo?url=https%3a%2f%2fipinfo.io%2f71.205.192.41%2fjson
1/28/2022, 4:51:25 AM, geoapify, http://touristserver.sami200.repl.co/geoapify?url=https%3a%2f%2fapi.geoapify.com%2fv2%2fplaces%2f%3fcategories%3dentertainment%26filter%3dcircle%3a-104.9847%2c39.7392%2c1609%26bias%3dproximity%3a-104.9847%2c39.7392%26limit%3d10&cpuserialid=BFEBFBFF000206D7
1/28/2022, 4:51:36 AM, weather, http://touristserver.sami200.repl.co/weather?long=-104.9846712&lat=39.7366403
1/28/2022, 5:01:00 AM, geoapify, http://touristserver.sami200.repl.co/geoapify?url=https%3a%2f%2fapi.geoapify.com%2fv2%2fplaces%2f%3fcategories%3dcatering.fast_food%26filter%3dcircle%3a%2c%2c1609%26bias%3dproximity%3a%2c%26limit%3d10&cpuserialid=BFEBFBFF000206D7
1/28/2022, 5:02:08 AM, bingmaps, http://touristserver.sami200.repl.co/bingmaps?url=https%3a%2f%2fdev.virtualearth.net%2fREST%2fv1%2fLocations%3fq%3d12054+E+Lake+Cir%2c+Greenwood+Village%2c+CO+80111
1/28/2022, 5:02:12 AM, geoapify, http://touristserver.sami200.repl.co/geoapify?url=https%3a%2f%2fapi.geoapify.com%2fv2%2fplaces%2f%3fcategories%3dcommercial%26filter%3dcircle%3a-104.848667%2c39.60632%2c80450%26bias%3dproximity%3a-104.848667%2c39.60632%26limit%3d10&cpuserialid=BFEBFBFF000206D7
1/28/2022, 5:02:18 AM, weather, http://touristserver.sami200.repl.co/weather?long=-104.8606791&lat=39.593033
1/28/2022, 5:02:33 AM, weather, http://touristserver.sami200.repl.co/weather?long=-104.8569991&lat=39.5944511
1/28/2022, 5:02:33 AM, weather, http://touristserver.sami200.repl.co/weather?long=-104.860731&lat=39.5945673
1/28/2022, 5:10:21 AM, bingmaps, http://touristserver.sami200.repl.co/bingmaps?url=https%3a%2f%2fdev.virtualearth.net%2fREST%2fv1%2fLocations%3fq%3dWhite+house
1/28/2022, 5:10:25 AM, geoapify, http://touristserver.sami200.repl.co/geoapify?url=https%3a%2f%2fapi.geoapify.com%2fv2%2fplaces%2f%3fcategories%3dentertainment%26filter%3dcircle%3a-77.0365600585938%2c38.8962173461914%2c80450%26bias%3dproximity%3a-77.0365600585938%2c38.8962173461914%26limit%3d10&cpuserialid=BFEBFBFF000206D7
1/28/2022, 5:11:04 AM, weather, http://touristserver.sami200.repl.co/weather?long=-77.0405865237825&lat=38.8939369
1/28/2022, 5:11:13 AM, weather, http://touristserver.sami200.repl.co/weather?long=-77.0384055&lat=38.8973757
1/28/2022, 6:01:32 AM, recommendations, http://touristserver.sami200.repl.co/recommendations
1/28/2022, 6:03:12 AM, recommendations, http://touristserver.sami200.repl.co/recommendations
1/28/2022, 6:03:16 AM, parking, http://touristserver.sami200.repl.co/parking?long=11&lat=12
1/28/2022, 6:03:16 AM, recommendations, http://touristserver.sami200.repl.co/recommendations?cpuserialid=1234567890&long=10&lat=11
1/28/2022, 6:03:16 AM, geoapify, http://touristserver.sami200.repl.co/geoapify?https%3A%2F%2Fapi.geoapify.com%2Fv2%2Fplaces%2F%3Fcategories%3Dcatering.fast_food%26filter%3Dcircle%3A11%2C12%2C80450%26bias%3Dproximity%3A11%2C12%26limit%3D10&cpuserialid=123456
1/28/2022, 6:03:16 AM, weather, http://touristserver.sami200.repl.co/weather?long=11&lat=12
1/28/2022, 6:27:15 AM, ipinfo, http://touristserver.sami200.repl.co/ipinfo?url=https%3a%2f%2fipinfo.io%2f76.25.155.188%2fjson
1/28/2022, 6:27:17 AM, recommendations, http://touristserver.sami200.repl.co/recommendations?cpuserialid=BFEBFBFF000906EA&long=-104.9847&lat=39.7392
1/28/2022, 6:28:15 AM, ipinfo, http://touristserver.sami200.repl.co/ipinfo?url=https%3a%2f%2fipinfo.io%2f76.25.155.188%2fjson
1/28/2022, 6:28:17 AM, recommendations, http://touristserver.sami200.repl.co/recommendations?cpuserialid=BFEBFBFF000906EA&long=-104.9847&lat=39.7392
1/28/2022, 6:34:24 AM, ipinfo, http://touristserver.sami200.repl.co/ipinfo?url=https%3a%2f%2fipinfo.io%2f76.25.155.188%2fjson
1/28/2022, 6:34:26 AM, recommendations, http://touristserver.sami200.repl.co/recommendations?cpuserialid=BFEBFBFF000906EA&long=-104.9847&lat=39.7392
1/28/2022, 6:34:59 AM, ipinfo, http://touristserver.sami200.repl.co/ipinfo?url=https%3a%2f%2fipinfo.io%2f76.25.155.188%2fjson
1/28/2022, 6:35:01 AM, recommendations, http://touristserver.sami200.repl.co/recommendations?cpuserialid=BFEBFBFF000906EA&long=-104.9847&lat=39.7392
1/28/2022, 6:39:32 AM, geoapify, http://touristserver.sami200.repl.co/geoapify?https%3A%2F%2Fapi.geoapify.com%2Fv2%2Fplaces%2F%3Fcategories%3Dcatering.fast_food%26filter%3Dcircle%3A11%2C12%2C80450%26bias%3Dproximity%3A11%2C12%26limit%3D10&cpuserialid=123456
1/28/2022, 6:39:36 AM, recommendations, http://touristserver.sami200.repl.co/recommendations?cpuserialid=1234567890&long=10&lat=11
1/28/2022, 6:39:41 AM, recommendations, http://touristserver.sami200.repl.co/recommendations?cpuserialid=1234567890&long=10&lat=11
1/28/2022, 6:40:09 AM, recommendations, http://touristserver.sami200.repl.co/recommendations?cpuserialid=1234567890&long=10&lat=11
1/28/2022, 6:40:16 AM, ipinfo, http://touristserver.sami200.repl.co/ipinfo?url=https%3a%2f%2fipinfo.io%2f76.25.155.188%2fjson
1/28/2022, 6:40:17 AM, recommendations, http://touristserver.sami200.repl.co/recommendations?cpuserialid=BFEBFBFF000906EA&long=-104.9847&lat=39.7392
1/28/2022, 6:40:20 AM, recommendations, http://touristserver.sami200.repl.co/recommendations?cpuserialid=1234567890&long=10&lat=11
1/28/2022, 6:40:36 AM, recommendations, http://touristserver.sami200.repl.co/recommendations?cpuserialid=BFEBFBFF000906EA&long=-104.9847&lat=39.7392
1/28/2022, 6:40:44 AM, recommendations, http://touristserver.sami200.repl.co/recommendations?cpuserialid=BFEBFBFF000906EA&long=-104.9847&lat=39.7392}
1/28/2022, 6:40:48 AM, recommendations, http://touristserver.sami200.repl.co/recommendations?cpuserialid=BFEBFBFF000906EA&long=-104.9847&lat=39.7392
1/28/2022, 6:40:52 AM, recommendations, http://touristserver.sami200.repl.co/recommendations?cpuserialid=1234567890&long=10&lat=11
1/28/2022, 6:41:44 AM, recommendations, http://touristserver.sami200.repl.co/recommendations?cpuserialid=1234567890&long=10&lat=11
1/28/2022, 6:42:40 AM, recommendations, http://touristserver.sami200.repl.co/recommendations?cpuserialid=1234567890&long=10&lat=11
1/28/2022, 6:43:02 AM, recommendations, http://touristserver.sami200.repl.co/recommendations?cpuserialid=1234567890&long=10&lat=11
1/28/2022, 6:45:39 AM, recommendations, http://touristserver.sami200.repl.co/recommendations?cpuserialid=1234567890&long=10&lat=11
1/28/2022, 6:53:14 AM, recommendations, http://touristserver.sami200.repl.co/recommendations?cpuserialid=BFEBFBFF000906EA&long=-104.9847&lat=39.7392
1/28/2022, 6:53:15 AM, recommendations, http://touristserver.sami200.repl.co/recommendations?cpuserialid=BFEBFBFF000906EA&long=-104.9847&lat=39.7392
1/28/2022, 6:54:43 AM, geoapify, http://touristserver.sami200.repl.co/geoapify?https%3A%2F%2Fapi.geoapify.com%2Fv2%2Fplaces%2F%3Fcategories%3Dcatering.fast_food%26filter%3Dcircle%3A11%2C12%2C80450%26bias%3Dproximity%3A11%2C12%26limit%3D10&cpuserialid=123456
1/28/2022, 6:54:45 AM, ipinfo, http://touristserver.sami200.repl.co/ipinfo?url=https%3a%2f%2fipinfo.io%2f76.25.155.188%2fjson
1/28/2022, 6:54:47 AM, recommendations, http://touristserver.sami200.repl.co/recommendations?cpuserialid=BFEBFBFF000906EA&long=-104.9847&lat=39.7392
1/28/2022, 6:54:54 AM, geoapify, http://touristserver.sami200.repl.co/geoapify?https%3A%2F%2Fapi.geoapify.com%2Fv2%2Fplaces%2F%3Fcategories%3Dcatering.fast_food%26filter%3Dcircle%3A11%2C12%2C80450%26bias%3Dproximity%3A11%2C12%26limit%3D10&cpuserialid=TEST1234432SAMI
1/28/2022, 6:56:54 AM, recommendations, http://touristserver.sami200.repl.co/recommendations?cpuserialid=BFEBFBFF000906EA&long=-104.9847&lat=39.7392
1/28/2022, 6:57:08 AM, recommendations, http://touristserver.sami200.repl.co/recommendations?cpuserialid=BFEBFBFF000906EA&long=-104.9847&lat=39.7392
1/28/2022, 6:57:12 AM, recommendations, http://touristserver.sami200.repl.co/recommendations?cpuserialid=BFEBFBFF000906EA&long=-104.9847&lat=39.7392
1/28/2022, 6:57:15 AM, recommendations, http://touristserver.sami200.repl.co/recommendations?cpuserialid=BFEBFBFF000906EA&long=-104.9847&lat=39.7392
1/28/2022, 6:57:17 AM, recommendations, http://touristserver.sami200.repl.co/recommendations?cpuserialid=BFEBFBFF000906EA&long=-104.9847&lat=39.7392
1/28/2022, 6:58:12 AM, recommendations, http://touristserver.sami200.repl.co/recommendations?cpuserialid=BFEBFBFF000906EA&long=-104.9847&lat=39.7392
1/28/2022, 6:58:26 AM, recommendations, http://touristserver.sami200.repl.co/recommendations?cpuserialid=BFEBFBFF000906EA&long=-104.9847&lat=39.7392
1/28/2022, 6:58:47 AM, recommendations, http://touristserver.sami200.repl.co/recommendations?cpuserialid=BFEBFBFF000906EA&long=-104.9847&lat=39.7392
1/28/2022, 7:00:09 AM, recommendations, http://touristserver.sami200.repl.co/recommendations?cpuserialid=BFEBFBFF000906EA&long=-104.9847&lat=39.7392
1/28/2022, 7:00:28 AM, recommendations, http://touristserver.sami200.repl.co/recommendations?cpuserialid=BFEBFBFF000906EA&long=-104.9847&lat=39.7392
1/28/2022, 7:00:37 AM, recommendations, http://touristserver.sami200.repl.co/recommendations?cpuserialid=BFEBFBFF000906EA&long=-104.9847&lat=39.7392
1/28/2022, 7:00:50 AM, recommendations, http://touristserver.sami200.repl.co/recommendations?cpuserialid=BFEBFBFF000906EA&long=-104.9847&lat=39.7392
1/28/2022, 7:00:57 AM, recommendations, http://touristserver.sami200.repl.co/recommendations?cpuserialid=BFEBFBFF000906EA&long=-104.9847&lat=39.7392
1/28/2022, 7:01:22 AM, recommendations, http://touristserver.sami200.repl.co/recommendations?cpuserialid=BFEBFBFF000906EA&long=-104.9847&lat=39.7392
1/28/2022, 7:01:35 AM, recommendations, http://touristserver.sami200.repl.co/recommendations?cpuserialid=BFEBFBFF000906EA&long=-104.9847&lat=39.7392
1/28/2022, 7:02:11 AM, recommendations, http://touristserver.sami200.repl.co/recommendations?cpuserialid=BFEBFBFF000906EA&long=-104.9847&lat=39.7392
1/28/2022, 7:02:54 AM, recommendations, http://touristserver.sami200.repl.co/recommendations?cpuserialid=BFEBFBFF000906EA&long=-104.9847&lat=39.7392
1/28/2022, 7:03:00 AM, ipinfo, http://touristserver.sami200.repl.co/ipinfo?url=https%3a%2f%2fipinfo.io%2f76.25.155.188%2fjson
1/28/2022, 7:03:02 AM, recommendations, http://touristserver.sami200.repl.co/recommendations?cpuserialid=BFEBFBFF000906EA&long=-104.9847&lat=39.7392
1/28/2022, 7:03:43 AM, recommendations, http://touristserver.sami200.repl.co/recommendations?cpuserialid=BFEBFBFF000906EA&long=-104.9847&lat=39.7392
1/28/2022, 7:03:52 AM, ipinfo, http://touristserver.sami200.repl.co/ipinfo?url=https%3a%2f%2fipinfo.io%2f76.25.155.188%2fjson
1/28/2022, 7:03:54 AM, recommendations, http://touristserver.sami200.repl.co/recommendations?cpuserialid=BFEBFBFF000906EA&long=-104.9847&lat=39.7392
1/28/2022, 7:04:20 AM, recommendations, http://touristserver.sami200.repl.co/recommendations?cpuserialid=BFEBFBFF000906EA&long=-104.9847&lat=39.7392
1/28/2022, 7:04:35 AM, ipinfo, http://touristserver.sami200.repl.co/ipinfo?url=https%3a%2f%2fipinfo.io%2f76.25.155.188%2fjson
1/28/2022, 7:04:55 AM, recommendations, http://touristserver.sami200.repl.co/recommendations?cpuserialid=BFEBFBFF000906EA&long=-104.9847&lat=39.7392
1/28/2022, 7:04:56 AM, ipinfo, http://touristserver.sami200.repl.co/ipinfo?url=https%3a%2f%2fipinfo.io%2f76.25.155.188%2fjson
1/28/2022, 7:04:57 AM, recommendations, http://touristserver.sami200.repl.co/recommendations?cpuserialid=BFEBFBFF000906EA&long=-104.9847&lat=39.7392
1/28/2022, 7:04:59 AM, recommendations, http://touristserver.sami200.repl.co/recommendations?cpuserialid=BFEBFBFF000906EA&long=-104.9847&lat=39.7392
1/28/2022, 7:05:37 AM, recommendations, http://touristserver.sami200.repl.co/recommendations?cpuserialid=BFEBFBFF000906EA&long=-104.9847&lat=39.7392
1/28/2022, 7:05:54 AM, recommendations, http://touristserver.sami200.repl.co/recommendations?cpuserialid=BFEBFBFF000906EA&long=-104.9847&lat=39.7392
1/28/2022, 7:05:57 AM, recommendations, http://touristserver.sami200.repl.co/recommendations?cpuserialid=BFEBFBFF000906EA&long=-104.9847&lat=39.7392
1/28/2022, 7:07:51 AM, ipinfo, http://touristserver.sami200.repl.co/ipinfo?url=https%3a%2f%2fipinfo.io%2f76.25.155.188%2fjson
1/28/2022, 7:07:52 AM, recommendations, http://touristserver.sami200.repl.co/recommendations?cpuserialid=BFEBFBFF000906EA&long=-104.9847&lat=39.7392
1/28/2022, 7:09:13 AM, ipinfo, http://touristserver.sami200.repl.co/ipinfo?url=https%3a%2f%2fipinfo.io%2f76.25.155.188%2fjson
1/28/2022, 7:09:14 AM, recommendations, http://touristserver.sami200.repl.co/recommendations?cpuserialid=BFEBFBFF000906EA&long=-104.9847&lat=39.7392
1/28/2022, 7:09:22 AM, ipinfo, http://touristserver.sami200.repl.co/ipinfo?url=https%3a%2f%2fipinfo.io%2f76.25.155.188%2fjson
1/28/2022, 7:09:25 AM, geoapify, http://touristserver.sami200.repl.co/geoapify?url=https%3a%2f%2fapi.geoapify.com%2fv2%2fplaces%2f%3fcategories%3dcatering.fast_food%26filter%3dcircle%3a-104.9847%2c39.7392%2c80450%26bias%3dproximity%3a-104.9847%2c39.7392%26limit%3d10&cpuserialid=BFEBFBFF000906EA
1/28/2022, 7:10:56 AM, recommendations, http://touristserver.sami200.repl.co/recommendations?cpuserialid=BFEBFBFF000906EA&long=-104.9847&lat=39.7392
1/28/2022, 7:11:33 AM, recommendations, http://touristserver.sami200.repl.co/recommendations?cpuserialid=BFEBFBFF000906EA&long=-104.9847&lat=39.7392
1/28/2022, 7:12:03 AM, recommendations, http://touristserver.sami200.repl.co/recommendations?cpuserialid=BFEBFBFF000906EA&long=-104.9847&lat=39.7392
1/28/2022, 7:12:14 AM, ipinfo, http://touristserver.sami200.repl.co/ipinfo?url=https%3a%2f%2fipinfo.io%2f76.25.155.188%2fjson
1/28/2022, 7:12:15 AM, recommendations, http://touristserver.sami200.repl.co/recommendations?cpuserialid=BFEBFBFF000906EA&long=-104.9847&lat=39.7392
1/28/2022, 7:12:15 AM, recommendations, http://touristserver.sami200.repl.co/recommendations?cpuserialid=BFEBFBFF000906EA&long=-104.9847&lat=39.7392
1/28/2022, 7:12:20 AM, recommendations, http://touristserver.sami200.repl.co/recommendations?cpuserialid=BFEBFBFF000906EA&long=-104.9847&lat=39.7392
1/28/2022, 7:12:32 AM, recommendations, http://touristserver.sami200.repl.co/recommendations?cpuserialid=BFEBFBFF000906EA&long=-104.9847&lat=39.7392
1/28/2022, 7:12:39 AM, recommendations, http://touristserver.sami200.repl.co/recommendations?cpuserialid=BFEBFBFF000906EA&long=-104.9847&lat=39.7392
1/28/2022, 7:13:09 AM, recommendations, http://touristserver.sami200.repl.co/recommendations?cpuserialid=BFEBFBFF000906EA&long=-104.9847&lat=39.7392
1/28/2022, 7:13:15 AM, ipinfo, http://touristserver.sami200.repl.co/ipinfo?url=https%3a%2f%2fipinfo.io%2f76.25.155.188%2fjson
1/28/2022, 7:13:16 AM, recommendations, http://touristserver.sami200.repl.co/recommendations?cpuserialid=BFEBFBFF000906EA&long=-104.9847&lat=39.7392
1/28/2022, 7:13:22 AM, ipinfo, http://touristserver.sami200.repl.co/ipinfo?url=https%3a%2f%2fipinfo.io%2f76.25.155.188%2fjson
1/28/2022, 7:13:24 AM, recommendations, http://touristserver.sami200.repl.co/recommendations?cpuserialid=BFEBFBFF000906EA&long=-104.9847&lat=39.7392
1/28/2022, 7:13:26 AM, geoapify, http://touristserver.sami200.repl.co/geoapify?url=https%3a%2f%2fapi.geoapify.com%2fv2%2fplaces%2f%3fcategories%3dcatering.fast_food%26filter%3dcircle%3a-104.9847%2c39.7392%2c8045%26bias%3dproximity%3a-104.9847%2c39.7392%26limit%3d10&cpuserialid=BFEBFBFF000906EA
1/28/2022, 7:13:43 AM, recommendations, http://touristserver.sami200.repl.co/recommendations?cpuserialid=BFEBFBFF000906EA&long=-104.9847&lat=39.7392
1/28/2022, 7:14:05 AM, recommendations, http://touristserver.sami200.repl.co/recommendations?cpuserialid=BFEBFBFF000906EA&long=-104.9847&lat=39.7392
1/28/2022, 7:14:05 AM, ipinfo, http://touristserver.sami200.repl.co/ipinfo?url=https%3a%2f%2fipinfo.io%2f76.25.155.188%2fjson
1/28/2022, 7:14:06 AM, recommendations, http://touristserver.sami200.repl.co/recommendations?cpuserialid=BFEBFBFF000906EA&long=-104.9847&lat=39.7392
1/28/2022, 7:14:09 AM, ipinfo, http://touristserver.sami200.repl.co/ipinfo?url=https%3a%2f%2fipinfo.io%2f76.25.155.188%2fjson
1/28/2022, 7:14:12 AM, geoapify, http://touristserver.sami200.repl.co/geoapify?url=https%3a%2f%2fapi.geoapify.com%2fv2%2fplaces%2f%3fcategories%3dcatering.fast_food%26filter%3dcircle%3a-104.9847%2c39.7392%2c8045%26bias%3dproximity%3a-104.9847%2c39.7392%26limit%3d10&cpuserialid=BFEBFBFF000906EA
1/28/2022, 7:14:46 AM, recommendations, http://touristserver.sami200.repl.co/recommendations?cpuserialid=BFEBFBFF000906EA&long=-104.9847&lat=39.7392
1/28/2022, 7:15:21 AM, recommendations, http://touristserver.sami200.repl.co/recommendations?cpuserialid=BFEBFBFF000906EA&long=-104.9847&lat=39.7392
1/28/2022, 7:16:14 AM, recommendations, http://touristserver.sami200.repl.co/recommendations?cpuserialid=BFEBFBFF000906EA&long=-104.9847&lat=39.7392
1/28/2022, 7:16:21 AM, ipinfo, http://touristserver.sami200.repl.co/ipinfo?url=https%3a%2f%2fipinfo.io%2f76.25.155.188%2fjson
1/28/2022, 7:16:24 AM, geoapify, http://touristserver.sami200.repl.co/geoapify?url=https%3a%2f%2fapi.geoapify.com%2fv2%2fplaces%2f%3fcategories%3dcatering.fast_food%26filter%3dcircle%3a-104.9847%2c39.7392%2c80450%26bias%3dproximity%3a-104.9847%2c39.7392%26limit%3d10&cpuserialid=BFEBFBFF000906EA
1/28/2022, 7:16:25 AM, recommendations, http://touristserver.sami200.repl.co/recommendations?cpuserialid=BFEBFBFF000906EA&long=-104.9847&lat=39.7392
1/28/2022, 7:16:45 AM, recommendations, http://touristserver.sami200.repl.co/recommendations?cpuserialid=BFEBFBFF000906EA&long=-104.9847&lat=39.7392
1/28/2022, 7:17:00 AM, recommendations, http://touristserver.sami200.repl.co/recommendations?cpuserialid=BFEBFBFF000906EA&long=-104.9847&lat=39.7392
1/28/2022, 7:17:02 AM, recommendations, http://touristserver.sami200.repl.co/recommendations?cpuserialid=BFEBFBFF000906EA&long=-104.9847&lat=39.7392
1/28/2022, 7:17:11 AM, recommendations, http://touristserver.sami200.repl.co/recommendations?cpuserialid=BFEBFBFF000906EA&long=-104.9847&lat=39.7392
1/28/2022, 7:17:31 AM, recommendations, http://touristserver.sami200.repl.co/recommendations?cpuserialid=BFEBFBFF000906EA&long=-104.9847&lat=39.7392
1/28/2022, 7:17:37 AM, bingmaps, http://touristserver.sami200.repl.co/bingmaps?url=https%3a%2f%2fdev.virtualearth.net%2fREST%2fv1%2fLocations%3fq%3d11678+E+Berry+Drive
1/28/2022, 7:17:41 AM, geoapify, http://touristserver.sami200.repl.co/geoapify?url=https%3a%2f%2fapi.geoapify.com%2fv2%2fplaces%2f%3fcategories%3dcatering.fast_food%26filter%3dcircle%3a-104.85249%2c39.612882%2c80450%26bias%3dproximity%3a-104.85249%2c39.612882%26limit%3d10&cpuserialid=BFEBFBFF000906EA
1/28/2022, 7:17:45 AM, recommendations, http://touristserver.sami200.repl.co/recommendations?cpuserialid=BFEBFBFF000906EA&long=-104.9847&lat=39.7392
1/28/2022, 7:17:47 AM, recommendations, http://touristserver.sami200.repl.co/recommendations?cpuserialid=BFEBFBFF000906EA&long=-104.9847&lat=39.7392
1/28/2022, 7:17:48 AM, recommendations, http://touristserver.sami200.repl.co/recommendations?cpuserialid=BFEBFBFF000906EA&long=-104.9847&lat=39.7392
1/28/2022, 7:17:56 AM, recommendations, http://touristserver.sami200.repl.co/recommendations?cpuserialid=BFEBFBFF000906EA&long=-104.9847&lat=39.7392
1/28/2022, 7:18:16 AM, ipinfo, http://touristserver.sami200.repl.co/ipinfo?url=https%3a%2f%2fipinfo.io%2f76.25.155.188%2fjson
1/28/2022, 7:18:22 AM, geoapify, http://touristserver.sami200.repl.co/geoapify?url=https%3a%2f%2fapi.geoapify.com%2fv2%2fplaces%2f%3fcategories%3dcatering.fast_food%26filter%3dcircle%3a-104.9847%2c39.7392%2c80450%26bias%3dproximity%3a-104.9847%2c39.7392%26limit%3d10&cpuserialid=BFEBFBFF000906EA
1/28/2022, 7:18:28 AM, recommendations, http://touristserver.sami200.repl.co/recommendations?cpuserialid=BFEBFBFF000906EA&long=-104.9847&lat=39.7392
1/28/2022, 7:18:58 AM, recommendations, http://touristserver.sami200.repl.co/recommendations?cpuserialid=BFEBFBFF000906EA&long=-104.9847&lat=39.7392
1/28/2022, 7:19:22 AM, recommendations, http://touristserver.sami200.repl.co/recommendations?cpuserialid=BFEBFBFF000906EA&long=-104.9847&lat=39.7392
1/28/2022, 7:19:44 AM, ipinfo, http://touristserver.sami200.repl.co/ipinfo?url=https%3a%2f%2fipinfo.io%2f76.25.155.188%2fjson
1/28/2022, 7:19:45 AM, recommendations, http://touristserver.sami200.repl.co/recommendations?cpuserialid=BFEBFBFF000906EA&long=-104.9847&lat=39.7392
1/28/2022, 7:20:43 AM, recommendations, http://touristserver.sami200.repl.co/recommendations?cpuserialid=BFEBFBFF000906EA&long=-104.9847&lat=39.7392
1/28/2022, 7:20:53 AM, ipinfo, http://touristserver.sami200.repl.co/ipinfo?url=https%3a%2f%2fipinfo.io%2f76.25.155.188%2fjson
1/28/2022, 7:20:54 AM, recommendations, http://touristserver.sami200.repl.co/recommendations?cpuserialid=BFEBFBFF000906EA&long=-104.9847&lat=39.7392
1/28/2022, 7:20:59 AM, recommendations, http://touristserver.sami200.repl.co/recommendations?cpuserialid=BFEBFBFF000906EA&long=-104.9847&lat=39.7392
1/28/2022, 7:21:03 AM, recommendations, http://touristserver.sami200.repl.co/recommendations?cpuserialid=BFEBFBFF000906EA&long=-104.9847&lat=39.7392
1/28/2022, 7:21:04 AM, ipinfo, http://touristserver.sami200.repl.co/ipinfo?url=https%3a%2f%2fipinfo.io%2f76.25.155.188%2fjson
1/28/2022, 7:21:07 AM, geoapify, http://touristserver.sami200.repl.co/geoapify?url=https%3a%2f%2fapi.geoapify.com%2fv2%2fplaces%2f%3fcategories%3dcatering.restaurant%26filter%3dcircle%3a-104.9847%2c39.7392%2c80450%26bias%3dproximity%3a-104.9847%2c39.7392%26limit%3d10&cpuserialid=BFEBFBFF000906EA
1/28/2022, 7:21:27 AM, recommendations, http://touristserver.sami200.repl.co/recommendations?cpuserialid=BFEBFBFF000906EA&long=-104.9847&lat=39.7392
1/28/2022, 7:23:38 AM, recommendations, http://touristserver.sami200.repl.co/recommendations?cpuserialid=BFEBFBFF000906EA&long=-104.9847&lat=39.7392
1/28/2022, 7:23:41 AM, recommendations, http://touristserver.sami200.repl.co/recommendations?cpuserialid=BFEBFBFF000906EA&long=-104.9847&lat=39.7392
1/28/2022, 7:23:51 AM, recommendations, http://touristserver.sami200.repl.co/recommendations?cpuserialid=BFEBFBFF000906EA&long=-104.9847&lat=39.7392
1/28/2022, 7:24:08 AM, recommendations, http://touristserver.sami200.repl.co/recommendations?cpuserialid=BFEBFBFF000906EA&long=-104.9847&lat=39.7392
1/28/2022, 7:24:28 AM, recommendations, http://touristserver.sami200.repl.co/recommendations?cpuserialid=BFEBFBFF000906EA&long=-104.9847&lat=39.7392
1/28/2022, 7:25:18 AM, recommendations, http://touristserver.sami200.repl.co/recommendations?cpuserialid=BFEBFBFF000906EA&long=-104.9847&lat=39.7392
1/28/2022, 7:25:32 AM, recommendations, http://touristserver.sami200.repl.co/recommendations?cpuserialid=BFEBFBFF000906EA&long=-104.9847&lat=39.7392
1/28/2022, 7:26:04 AM, recommendations, http://touristserver.sami200.repl.co/recommendations?cpuserialid=BFEBFBFF000906EA&long=-104.9847&lat=39.7392
1/28/2022, 7:26:21 AM, recommendations, http://touristserver.sami200.repl.co/recommendations?cpuserialid=BFEBFBFF000906EA&long=-104.9847&lat=39.7392
1/28/2022, 7:26:44 AM, recommendations, http://touristserver.sami200.repl.co/recommendations?cpuserialid=BFEBFBFF000906EA&long=-104.9847&lat=39.7392
1/28/2022, 7:27:08 AM, recommendations, http://touristserver.sami200.repl.co/recommendations?cpuserialid=BFEBFBFF000906EA&long=-104.9847&lat=39.7392
1/28/2022, 7:28:45 AM, recommendations, http://touristserver.sami200.repl.co/recommendations?cpuserialid=BFEBFBFF000906EA&long=-104.9847&lat=39.7393
1/28/2022, 7:29:52 AM, recommendations, http://touristserver.sami200.repl.co/recommendations?cpuserialid=BFEBFBFF000906EA&long=-104.9847&lat=39.7393
1/28/2022, 7:30:34 AM, recommendations, http://touristserver.sami200.repl.co/recommendations?cpuserialid=BFEBFBFF000906EA&long=-104.9847&lat=39.7393
1/28/2022, 7:30:50 AM, recommendations, http://touristserver.sami200.repl.co/recommendations?cpuserialid=BFEBFBFF000906EA&long=-104.9847&lat=39.7393
1/28/2022, 7:30:54 AM, recommendations, http://touristserver.sami200.repl.co/recommendations?cpuserialid=BFEBFBFF000906EA&long=-104.9847&lat=39.7393
1/28/2022, 7:31:31 AM, recommendations, http://touristserver.sami200.repl.co/recommendations?cpuserialid=BFEBFBFF000906EA&long=-104.9847&lat=39.7393
1/28/2022, 7:32:30 AM, recommendations, http://touristserver.sami200.repl.co/recommendations?cpuserialid=BFEBFBFF000906EA&long=-104.9847&lat=39.7393
1/28/2022, 7:32:49 AM, recommendations, http://touristserver.sami200.repl.co/recommendations?cpuserialid=BFEBFBFF000906EA&long=-104.9847&lat=39.7393
1/28/2022, 7:32:59 AM, recommendations, http://touristserver.sami200.repl.co/recommendations?cpuserialid=BFEBFBFF000906EA&long=-104.9847&lat=39.7393
1/28/2022, 7:33:42 AM, recommendations, http://touristserver.sami200.repl.co/recommendations?cpuserialid=BFEBFBFF000906EA&long=-104.9847&lat=39.7393
1/28/2022, 7:39:54 AM, ipinfo, http://touristserver.sami200.repl.co/ipinfo?url=https%3a%2f%2fipinfo.io%2f76.25.155.188%2fjson
1/28/2022, 7:39:56 AM, recommendations, http://touristserver.sami200.repl.co/recommendations?cpuserialid=BFEBFBFF000806E9&long=-104.9847&lat=39.7392
1/28/2022, 7:40:03 AM, ipinfo, http://touristserver.sami200.repl.co/ipinfo?url=https%3a%2f%2fipinfo.io%2f76.25.155.188%2fjson
1/28/2022, 7:40:09 AM, geoapify, http://touristserver.sami200.repl.co/geoapify?url=https%3a%2f%2fapi.geoapify.com%2fv2%2fplaces%2f%3fcategories%3dcatering.fast_food%26filter%3dcircle%3a-104.9847%2c39.7392%2c80450%26bias%3dproximity%3a-104.9847%2c39.7392%26limit%3d10&cpuserialid=BFEBFBFF000806E9
1/28/2022, 7:40:26 AM, weather, http://touristserver.sami200.repl.co/weather?long=-104.9807885&lat=39.7401978
1/28/2022, 7:40:28 AM, weather, http://touristserver.sami200.repl.co/weather?long=-104.983933&lat=39.7365152
1/28/2022, 7:40:33 AM, ipinfo, http://touristserver.sami200.repl.co/ipinfo?url=https%3a%2f%2fipinfo.io%2f76.25.155.188%2fjson
1/28/2022, 7:40:34 AM, recommendations, http://touristserver.sami200.repl.co/recommendations?cpuserialid=BFEBFBFF000806E9&long=-104.9847&lat=39.7392
1/28/2022, 8:13:18 AM, recommendations, http://touristserver.sami200.repl.co/recommendations?cpuserialid=BFEBFBFF000906EA&long=-104.9847&lat=39.7393
1/28/2022, 8:13:38 AM, recommendations, http://touristserver.sami200.repl.co/recommendations?cpuserialid=BFEBFBFF000906EA&long=-104.9847&lat=39.7393
1/28/2022, 8:13:52 AM, recommendations, http://touristserver.sami200.repl.co/recommendations?cpuserialid=BFEBFBFF000906EA&long=-104.9847&lat=39.7393
1/28/2022, 8:15:26 AM, recommendations, http://touristserver.sami200.repl.co/recommendations?cpuserialid=BFEBFBFF000906EA&long=-104.9847&lat=39.7393
1/28/2022, 8:18:23 AM, recommendations, http://touristserver.sami200.repl.co/recommendations?cpuserialid=BFEBFBFF000906EA&long=-104.9847&lat=39.7393
1/28/2022, 8:18:32 AM, recommendations, http://touristserver.sami200.repl.co/recommendations?cpuserialid=BFEBFBFF000906EA&long=-104.9847&lat=39.7393
1/28/2022, 8:18:57 AM, recommendations, http://touristserver.sami200.repl.co/recommendations?cpuserialid=BFEBFBFF000906EA&long=-104.9847&lat=39.7393
1/28/2022, 8:19:30 AM, recommendations, http://touristserver.sami200.repl.co/recommendations?cpuserialid=BFEBFBFF001906EA&long=-104.9847&lat=39.7393
1/28/2022, 2:21:56 PM, recommendations, http://touristserver.sami200.repl.co/recommendations?cpuserialid=BFEBFBFF000906EA&long=-104.9847&lat=39.7393
1/28/2022, 6:15:28 PM, bingmaps, http://touristserver.sami200.repl.co/bingmaps?url=https%3a%2f%2fdev.virtualearth.net%2fREST%2fv1%2fLocations%3fq%3d11678+E+berry+Drive
1/28/2022, 6:15:39 PM, geoapify, http://touristserver.sami200.repl.co/geoapify?url=https%3a%2f%2fapi.geoapify.com%2fv2%2fplaces%2f%3fcategories%3dcatering.fast_food%26filter%3dcircle%3a-104.85249%2c39.612882%2c16090%26bias%3dproximity%3a-104.85249%2c39.612882%26limit%3d10&cpuserialid=178BFBFF00660F51
1/28/2022, 6:15:49 PM, weather, http://touristserver.sami200.repl.co/weather?long=-104.858546&lat=39.5944122
1/28/2022, 6:16:04 PM, weather, http://touristserver.sami200.repl.co/weather?long=-104.83304305&lat=39.59455725
1/28/2022, 8:32:09 PM, bingmaps, http://touristserver.sami200.repl.co/bingmaps?url=https%3a%2f%2fdev.virtualearth.net%2fREST%2fv1%2fLocations%3fq%3d11678+E+Berry+Drive
1/29/2022, 12:20:16 AM, geoapify, http://touristserver.sami200.repl.co/geoapify?url=https%3A%2F%2Fapi.geoapify.com%2Fv2%2Fplaces%2F%3Fcategories%3Dcatering.fast_food%26filter%3Dcircle%3A-104.9847%2C39.7392%2C80450%26bias%3Dproximity%3A-104.9847%2C39.7392%26limit%3D10&cpuserialid=123456
1/29/2022, 12:23:33 AM, recommendations, http://touristserver.sami200.repl.co/recommendations?cpuserialid=SAMITEST&long=-104.9847&lat=39.7393
1/29/2022, 12:26:15 AM, ipinfo, http://touristserver.sami200.repl.co/ipinfo?url=https%3a%2f%2fipinfo.io%2f71.205.192.41%2fjson
1/29/2022, 12:26:19 AM, recommendations, http://touristserver.sami200.repl.co/recommendations?cpuserialid=BFEBFBFF000206D7&long=-104.7394&lat=39.6012
1/29/2022, 3:17:42 AM, ipinfo, http://touristserver.sami200.repl.co/ipinfo?url=https%3a%2f%2fipinfo.io%2f76.25.155.188%2fjson
1/29/2022, 3:17:47 AM, geoapify, http://touristserver.sami200.repl.co/geoapify?url=https%3a%2f%2fapi.geoapify.com%2fv2%2fplaces%2f%3fcategories%3dcatering.fast_food%26filter%3dcircle%3a-104.9847%2c39.7392%2c80450%26bias%3dproximity%3a-104.9847%2c39.7392%26limit%3d10&cpuserialid=BFEBFBFF000906EA
1/29/2022, 3:20:46 AM, ipinfo, http://touristserver.sami200.repl.co/ipinfo?url=https%3a%2f%2fipinfo.io%2f76.25.155.188%2fjson
1/29/2022, 3:20:47 AM, recommendations, http://touristserver.sami200.repl.co/recommendations?cpuserialid=BFEBFBFF000906EA&long=-104.9847&lat=39.7392
1/29/2022, 3:21:05 AM, ipinfo, http://touristserver.sami200.repl.co/ipinfo?url=https%3a%2f%2fipinfo.io%2f76.25.155.188%2fjson
1/29/2022, 3:21:08 AM, geoapify, http://touristserver.sami200.repl.co/geoapify?url=https%3a%2f%2fapi.geoapify.com%2fv2%2fplaces%2f%3fcategories%3dcatering.fast_food%26filter%3dcircle%3a-104.9847%2c39.7392%2c80450%26bias%3dproximity%3a-104.9847%2c39.7392%26limit%3d10&cpuserialid=BFEBFBFF000906EA
1/29/2022, 3:22:45 AM, ipinfo, http://touristserver.sami200.repl.co/ipinfo?url=https%3a%2f%2fipinfo.io%2f76.25.155.188%2fjson
1/29/2022, 3:22:47 AM, recommendations, http://touristserver.sami200.repl.co/recommendations?cpuserialid=BFEBFBFF000906EA&long=-104.9847&lat=39.7392
1/29/2022, 3:22:49 AM, ipinfo, http://touristserver.sami200.repl.co/ipinfo?url=https%3a%2f%2fipinfo.io%2f76.25.155.188%2fjson
1/29/2022, 3:22:51 AM, recommendations, http://touristserver.sami200.repl.co/recommendations?cpuserialid=BFEBFBFF000906EA&long=-104.9847&lat=39.7392
1/29/2022, 3:23:04 AM, ipinfo, http://touristserver.sami200.repl.co/ipinfo?url=https%3a%2f%2fipinfo.io%2f76.25.155.188%2fjson
1/29/2022, 3:23:08 AM, geoapify, http://touristserver.sami200.repl.co/geoapify?url=https%3a%2f%2fapi.geoapify.com%2fv2%2fplaces%2f%3fcategories%3dcatering.fast_food%26filter%3dcircle%3a-104.9847%2c39.7392%2c80450%26bias%3dproximity%3a-104.9847%2c39.7392%26limit%3d10&cpuserialid=BFEBFBFF000906EA
1/29/2022, 3:54:14 AM, ipinfo, http://touristserver.sami200.repl.co/ipinfo?url=https%3a%2f%2fipinfo.io%2f76.25.155.188%2fjson
1/29/2022, 3:54:15 AM, recommendations, http://touristserver.sami200.repl.co/recommendations?cpuserialid=BFEBFBFF000906EA&long=-104.9847&lat=39.7392
1/29/2022, 3:54:20 AM, ipinfo, http://touristserver.sami200.repl.co/ipinfo?url=https%3a%2f%2fipinfo.io%2f76.25.155.188%2fjson
1/29/2022, 3:54:24 AM, geoapify, http://touristserver.sami200.repl.co/geoapify?url=https%3a%2f%2fapi.geoapify.com%2fv2%2fplaces%2f%3fcategories%3dcatering.fast_food%26filter%3dcircle%3a-104.9847%2c39.7392%2c80450%26bias%3dproximity%3a-104.9847%2c39.7392%26limit%3d10&cpuserialid=BFEBFBFF000906EA
1/29/2022, 3:55:38 AM, ipinfo, http://touristserver.sami200.repl.co/ipinfo?url=https%3a%2f%2fipinfo.io%2f76.25.155.188%2fjson
1/29/2022, 3:55:39 AM, recommendations, http://touristserver.sami200.repl.co/recommendations?cpuserialid=BFEBFBFF000906EA&long=-104.9847&lat=39.7392
1/29/2022, 3:55:58 AM, ipinfo, http://touristserver.sami200.repl.co/ipinfo?url=https%3a%2f%2fipinfo.io%2f76.25.155.188%2fjson
1/29/2022, 3:56:02 AM, geoapify, http://touristserver.sami200.repl.co/geoapify?url=https%3a%2f%2fapi.geoapify.com%2fv2%2fplaces%2f%3fcategories%3dcatering.fast_food%26filter%3dcircle%3a-104.9847%2c39.7392%2c80450%26bias%3dproximity%3a-104.9847%2c39.7392%26limit%3d10&cpuserialid=BFEBFBFF000906EA
1/29/2022, 3:58:42 AM, ipinfo, http://touristserver.sami200.repl.co/ipinfo?url=https%3a%2f%2fipinfo.io%2f76.25.155.188%2fjson
1/29/2022, 3:58:46 AM, geoapify, http://touristserver.sami200.repl.co/geoapify?url=https%3a%2f%2fapi.geoapify.com%2fv2%2fplaces%2f%3fcategories%3dcatering.fast_food%26filter%3dcircle%3a-104.9847%2c39.7392%2c80450%26bias%3dproximity%3a-104.9847%2c39.7392%26limit%3d10&cpuserialid=BFEBFBFF000906EA
1/29/2022, 4:00:47 AM, ipinfo, http://touristserver.sami200.repl.co/ipinfo?url=https%3a%2f%2fipinfo.io%2f76.25.155.188%2fjson
1/29/2022, 4:00:49 AM, recommendations, http://touristserver.sami200.repl.co/recommendations?cpuserialid=BFEBFBFF000906EA&long=-104.9847&lat=39.7392
1/29/2022, 4:00:57 AM, ipinfo, http://touristserver.sami200.repl.co/ipinfo?url=https%3a%2f%2fipinfo.io%2f76.25.155.188%2fjson
1/29/2022, 4:01:00 AM, geoapify, http://touristserver.sami200.repl.co/geoapify?url=https%3a%2f%2fapi.geoapify.com%2fv2%2fplaces%2f%3fcategories%3dcatering.fast_food%26filter%3dcircle%3a-104.9847%2c39.7392%2c80450%26bias%3dproximity%3a-104.9847%2c39.7392%26limit%3d10&cpuserialid=BFEBFBFF000906EA
1/29/2022, 4:02:38 AM, ipinfo, http://touristserver.sami200.repl.co/ipinfo?url=https%3a%2f%2fipinfo.io%2f76.25.155.188%2fjson
1/29/2022, 4:02:42 AM, geoapify, http://touristserver.sami200.repl.co/geoapify?url=https%3a%2f%2fapi.geoapify.com%2fv2%2fplaces%2f%3fcategories%3dentertainment.theme_park%26filter%3dcircle%3a-104.9847%2c39.7392%2c80450%26bias%3dproximity%3a-104.9847%2c39.7392%26limit%3d10&cpuserialid=BFEBFBFF000906EA
1/29/2022, 4:08:49 AM, ipinfo, http://touristserver.sami200.repl.co/ipinfo?url=https%3a%2f%2fipinfo.io%2f76.25.155.188%2fjson
1/29/2022, 4:08:51 AM, recommendations, http://touristserver.sami200.repl.co/recommendations?cpuserialid=BFEBFBFF000906EA&long=-104.9847&lat=39.7392
1/29/2022, 4:09:00 AM, ipinfo, http://touristserver.sami200.repl.co/ipinfo?url=https%3a%2f%2fipinfo.io%2f76.25.155.188%2fjson
1/29/2022, 4:09:04 AM, geoapify, http://touristserver.sami200.repl.co/geoapify?url=https%3a%2f%2fapi.geoapify.com%2fv2%2fplaces%2f%3fcategories%3dcatering.fast_food%26filter%3dcircle%3a-104.9847%2c39.7392%2c80450%26bias%3dproximity%3a-104.9847%2c39.7392%26limit%3d10&cpuserialid=BFEBFBFF000906EA
1/29/2022, 4:10:19 AM, ipinfo, http://touristserver.sami200.repl.co/ipinfo?url=https%3a%2f%2fipinfo.io%2f76.25.155.188%2fjson
1/29/2022, 4:10:24 AM, geoapify, http://touristserver.sami200.repl.co/geoapify?url=https%3a%2f%2fapi.geoapify.com%2fv2%2fplaces%2f%3fcategories%3dcatering.fast_food%26filter%3dcircle%3a-104.9847%2c39.7392%2c80450%26bias%3dproximity%3a-104.9847%2c39.7392%26limit%3d10&cpuserialid=BFEBFBFF000906EA
1/29/2022, 4:11:10 AM, ipinfo, http://touristserver.sami200.repl.co/ipinfo?url=https%3a%2f%2fipinfo.io%2f76.25.155.188%2fjson
1/29/2022, 4:11:13 AM, geoapify, http://touristserver.sami200.repl.co/geoapify?url=https%3a%2f%2fapi.geoapify.com%2fv2%2fplaces%2f%3fcategories%3dcatering.fast_food%26filter%3dcircle%3a-104.9847%2c39.7392%2c80450%26bias%3dproximity%3a-104.9847%2c39.7392%26limit%3d10&cpuserialid=BFEBFBFF000906EA
1/29/2022, 4:13:02 AM, ipinfo, http://touristserver.sami200.repl.co/ipinfo?url=https%3a%2f%2fipinfo.io%2f76.25.155.188%2fjson
1/29/2022, 4:13:04 AM, recommendations, http://touristserver.sami200.repl.co/recommendations?cpuserialid=BFEBFBFF000906EA&long=-104.9847&lat=39.7392
1/29/2022, 4:13:11 AM, ipinfo, http://touristserver.sami200.repl.co/ipinfo?url=https%3a%2f%2fipinfo.io%2f76.25.155.188%2fjson
1/29/2022, 4:13:15 AM, geoapify, http://touristserver.sami200.repl.co/geoapify?url=https%3a%2f%2fapi.geoapify.com%2fv2%2fplaces%2f%3fcategories%3dcommercial.food_and_drink%26filter%3dcircle%3a-104.9847%2c39.7392%2c80450%26bias%3dproximity%3a-104.9847%2c39.7392%26limit%3d10&cpuserialid=BFEBFBFF000906EA
1/29/2022, 4:13:44 AM, ipinfo, http://touristserver.sami200.repl.co/ipinfo?url=https%3a%2f%2fipinfo.io%2f76.25.155.188%2fjson
1/29/2022, 4:13:45 AM, recommendations, http://touristserver.sami200.repl.co/recommendations?cpuserialid=BFEBFBFF000906EA&long=-104.9847&lat=39.7392
1/29/2022, 4:13:54 AM, ipinfo, http://touristserver.sami200.repl.co/ipinfo?url=https%3a%2f%2fipinfo.io%2f76.25.155.188%2fjson
1/29/2022, 4:13:58 AM, geoapify, http://touristserver.sami200.repl.co/geoapify?url=https%3a%2f%2fapi.geoapify.com%2fv2%2fplaces%2f%3fcategories%3dcommercial.food_and_drink%26filter%3dcircle%3a-104.9847%2c39.7392%2c80450%26bias%3dproximity%3a-104.9847%2c39.7392%26limit%3d10&cpuserialid=BFEBFBFF000906EA
1/29/2022, 4:14:56 AM, ipinfo, http://touristserver.sami200.repl.co/ipinfo?url=https%3a%2f%2fipinfo.io%2f76.25.155.188%2fjson
1/29/2022, 4:14:58 AM, recommendations, http://touristserver.sami200.repl.co/recommendations?cpuserialid=BFEBFBFF000906EA&long=-104.9847&lat=39.7392
1/29/2022, 4:15:08 AM, ipinfo, http://touristserver.sami200.repl.co/ipinfo?url=https%3a%2f%2fipinfo.io%2f76.25.155.188%2fjson
1/29/2022, 4:15:11 AM, geoapify, http://touristserver.sami200.repl.co/geoapify?url=https%3a%2f%2fapi.geoapify.com%2fv2%2fplaces%2f%3fcategories%3dcommercial.food_and_drink%26filter%3dcircle%3a-104.9847%2c39.7392%2c80450%26bias%3dproximity%3a-104.9847%2c39.7392%26limit%3d10&cpuserialid=BFEBFBFF000906EA
1/29/2022, 4:17:01 AM, ipinfo, http://touristserver.sami200.repl.co/ipinfo?url=https%3a%2f%2fipinfo.io%2f76.25.155.188%2fjson
1/29/2022, 4:17:02 AM, recommendations, http://touristserver.sami200.repl.co/recommendations?cpuserialid=BFEBFBFF000906EA&long=-104.9847&lat=39.7392
1/29/2022, 4:17:12 AM, ipinfo, http://touristserver.sami200.repl.co/ipinfo?url=https%3a%2f%2fipinfo.io%2f76.25.155.188%2fjson
1/29/2022, 4:17:16 AM, geoapify, http://touristserver.sami200.repl.co/geoapify?url=https%3a%2f%2fapi.geoapify.com%2fv2%2fplaces%2f%3fcategories%3dcommercial.food_and_drink%26filter%3dcircle%3a-104.9847%2c39.7392%2c80450%26bias%3dproximity%3a-104.9847%2c39.7392%26limit%3d10&cpuserialid=BFEBFBFF000906EA
1/29/2022, 4:53:33 AM, geoapify, http://touristserver.sami200.repl.co/geoapify?https%3A%2F%2Fapi.geoapify.com%2Fv2%2Fplaces%2F%3Fcategories%3Dcatering.fast_food%26filter%3Dcircle%3A11%2C12%2C80450%26bias%3Dproximity%3A11%2C12%26limit%3D10&cpuserialid=123456
1/29/2022, 4:53:37 AM, geoapify, http://touristserver.sami200.repl.co/geoapify?https%3A%2F%2Fapi.geoapify.com%2Fv2%2Fplaces%2F%3Fcategories%3Dcatering.fast_food%26filter%3Dcircle%3A11%2C12%2C80450%26bias%3Dproximity%3A11%2C12%26limit%3D10&cpuserialid=123456
1/29/2022, 4:54:09 AM, geoapify, http://touristserver.sami200.repl.co/geoapify?url=https%3A%2F%2Fapi.geoapify.com%2Fv2%2Fplaces%2F%3Fcategories%3Dcatering.fast_food%26filter%3Dcircle%3A11%2C12%2C80450%26bias%3Dproximity%3A11%2C12%26limit%3D10&cpuserialid=123456
1/29/2022, 5:00:12 AM, bingmaps, http://touristserver.sami200.repl.co/bingmaps?url=https%3a%2f%2fdev.virtualearth.net%2fREST%2fv1%2fLocations%3fq%3d9059+E+Panorama+
1/29/2022, 5:00:17 AM, geoapify, http://touristserver.sami200.repl.co/geoapify?url=https%3a%2f%2fapi.geoapify.com%2fv2%2fplaces%2f%3fcategories%3dcatering%26filter%3dcircle%3a-104.8850417%2c39.5800062%2c64360%26bias%3dproximity%3a-104.8850417%2c39.5800062%26limit%3d10&cpuserialid=BFEBFBFF000706E5
1/29/2022, 5:25:11 AM, ipinfo, http://touristserver.sami200.repl.co/ipinfo?url=https%3a%2f%2fipinfo.io%2f73.153.177.88%2fjson
1/29/2022, 5:25:13 AM, recommendations, http://touristserver.sami200.repl.co/recommendations?cpuserialid=BFEBFBFF000706E5&long=-104.8769&lat=39.5792
1/29/2022, 5:27:17 AM, ipinfo, http://touristserver.sami200.repl.co/ipinfo?url=https%3a%2f%2fipinfo.io%2f73.153.177.88%2fjson
1/29/2022, 5:27:20 AM, geoapify, http://touristserver.sami200.repl.co/geoapify?url=https%3a%2f%2fapi.geoapify.com%2fv2%2fplaces%2f%3fcategories%3dcatering%26filter%3dcircle%3a-104.8769%2c39.5792%2c40225%26bias%3dproximity%3a-104.8769%2c39.5792%26limit%3d10&cpuserialid=BFEBFBFF000706E5
1/29/2022, 5:27:37 AM, weather, http://touristserver.sami200.repl.co/weather?long=-104.8710976&lat=39.5795267
1/29/2022, 5:27:38 AM, weather, http://touristserver.sami200.repl.co/weather?long=-104.8867284&lat=39.5808038
1/29/2022, 5:27:43 AM, weather, http://touristserver.sami200.repl.co/weather?long=-104.873051561193&lat=39.57987395
1/29/2022, 5:27:43 AM, weather, http://touristserver.sami200.repl.co/weather?long=-104.8716039&lat=39.5795198
1/29/2022, 5:27:45 AM, weather, http://touristserver.sami200.repl.co/weather?long=-104.8867284&lat=39.5808038
1/29/2022, 5:27:50 AM, weather, http://touristserver.sami200.repl.co/weather?long=-104.8867284&lat=39.5808038
1/29/2022, 5:27:51 AM, weather, http://touristserver.sami200.repl.co/weather?long=-104.8796968&lat=39.5810462
1/29/2022, 5:27:51 AM, weather, http://touristserver.sami200.repl.co/weather?long=-104.876178596738&lat=39.58206355
1/29/2022, 5:27:53 AM, weather, http://touristserver.sami200.repl.co/weather?long=-104.8796968&lat=39.5810462
1/29/2022, 5:28:00 AM, weather, http://touristserver.sami200.repl.co/weather?long=-104.8796968&lat=39.5810462
1/29/2022, 5:28:01 AM, weather, http://touristserver.sami200.repl.co/weather?long=-104.876178596738&lat=39.58206355
1/29/2022, 5:28:02 AM, weather, http://touristserver.sami200.repl.co/weather?long=-104.873051561193&lat=39.57987395
1/29/2022, 5:28:02 AM, weather, http://touristserver.sami200.repl.co/weather?long=-104.87132&lat=39.5795174
1/29/2022, 5:28:28 AM, weather, http://touristserver.sami200.repl.co/weather?long=-104.873051561193&lat=39.57987395
1/29/2022, 5:28:30 AM, weather, http://touristserver.sami200.repl.co/weather?long=-104.876178596738&lat=39.58206355
1/29/2022, 5:28:31 AM, weather, http://touristserver.sami200.repl.co/weather?long=-104.8796968&lat=39.5810462
1/29/2022, 5:28:37 AM, weather, http://touristserver.sami200.repl.co/weather?long=-104.873051561193&lat=39.57987395
1/29/2022, 5:28:39 AM, weather, http://touristserver.sami200.repl.co/weather?long=-104.8710976&lat=39.5795267
1/29/2022, 5:28:41 AM, weather, http://touristserver.sami200.repl.co/weather?long=-104.8796968&lat=39.5810462
1/29/2022, 5:28:47 AM, weather, http://touristserver.sami200.repl.co/weather?long=-104.8796968&lat=39.5810462
1/29/2022, 5:28:48 AM, weather, http://touristserver.sami200.repl.co/weather?long=-104.8796968&lat=39.5810462
1/29/2022, 5:28:48 AM, weather, http://touristserver.sami200.repl.co/weather?long=-104.8796968&lat=39.5810462
1/29/2022, 5:30:43 AM, ipinfo, http://touristserver.sami200.repl.co/ipinfo?url=https%3a%2f%2fipinfo.io%2f73.153.177.88%2fjson
1/29/2022, 5:30:47 AM, geoapify, http://touristserver.sami200.repl.co/geoapify?url=https%3a%2f%2fapi.geoapify.com%2fv2%2fplaces%2f%3fcategories%3dcatering%26filter%3dcircle%3a-104.8769%2c39.5792%2c32180%26bias%3dproximity%3a-104.8769%2c39.5792%26limit%3d10&cpuserialid=BFEBFBFF000706E5
1/29/2022, 5:30:51 AM, ipinfo, http://touristserver.sami200.repl.co/ipinfo?url=https%3a%2f%2fipinfo.io%2f73.153.177.88%2fjson
1/29/2022, 5:30:53 AM, recommendations, http://touristserver.sami200.repl.co/recommendations?cpuserialid=BFEBFBFF000706E5&long=-104.8769&lat=39.5792
1/29/2022, 5:31:06 AM, ipinfo, http://touristserver.sami200.repl.co/ipinfo?url=https%3a%2f%2fipinfo.io%2f73.153.177.88%2fjson
1/29/2022, 5:31:09 AM, geoapify, http://touristserver.sami200.repl.co/geoapify?url=https%3a%2f%2fapi.geoapify.com%2fv2%2fplaces%2f%3fcategories%3dcommercial%26filter%3dcircle%3a-104.8769%2c39.5792%2c48270%26bias%3dproximity%3a-104.8769%2c39.5792%26limit%3d10&cpuserialid=BFEBFBFF000706E5
1/30/2022, 2:38:45 AM, ipinfo, http://touristserver.sami200.repl.co/ipinfo?url=https%3a%2f%2fipinfo.io%2f73.153.177.88%2fjson
1/30/2022, 2:38:47 AM, recommendations, http://touristserver.sami200.repl.co/recommendations?cpuserialid=BFEBFBFF000706E5&long=-104.8769&lat=39.5792
1/30/2022, 2:39:33 AM, ipinfo, http://touristserver.sami200.repl.co/ipinfo?url=https%3a%2f%2fipinfo.io%2f73.153.177.88%2fjson
1/30/2022, 2:39:35 AM, recommendations, http://touristserver.sami200.repl.co/recommendations?cpuserialid=BFEBFBFF000706E5&long=-104.8769&lat=39.5792
1/30/2022, 2:40:21 AM, ipinfo, http://touristserver.sami200.repl.co/ipinfo?url=https%3a%2f%2fipinfo.io%2f73.153.177.88%2fjson
1/30/2022, 2:40:22 AM, recommendations, http://touristserver.sami200.repl.co/recommendations?cpuserialid=BFEBFBFF000706E5&long=-104.8769&lat=39.5792
1/30/2022, 2:40:48 AM, ipinfo, http://touristserver.sami200.repl.co/ipinfo?url=https%3a%2f%2fipinfo.io%2f73.153.177.88%2fjson
1/30/2022, 2:40:54 AM, geoapify, http://touristserver.sami200.repl.co/geoapify?url=https%3a%2f%2fapi.geoapify.com%2fv2%2fplaces%2f%3fcategories%3daccommodation%26filter%3dcircle%3a-104.8769%2c39.5792%2c48270%26bias%3dproximity%3a-104.8769%2c39.5792%26limit%3d10&cpuserialid=BFEBFBFF000706E5
1/30/2022, 2:41:27 AM, ipinfo, http://touristserver.sami200.repl.co/ipinfo?url=https%3a%2f%2fipinfo.io%2f73.153.177.88%2fjson
1/30/2022, 2:41:30 AM, geoapify, http://touristserver.sami200.repl.co/geoapify?url=https%3a%2f%2fapi.geoapify.com%2fv2%2fplaces%2f%3fcategories%3daccommodation%26filter%3dcircle%3a-104.8769%2c39.5792%2c80450%26bias%3dproximity%3a-104.8769%2c39.5792%26limit%3d10&cpuserialid=BFEBFBFF000706E5
1/30/2022, 2:41:45 AM, weather, http://touristserver.sami200.repl.co/weather?long=-104.8787729934&lat=39.5811895
1/30/2022, 2:41:45 AM, weather, http://touristserver.sami200.repl.co/weather?long=-104.8787729934&lat=39.5811895
1/30/2022, 2:41:45 AM, weather, http://touristserver.sami200.repl.co/weather?long=-104.8787729934&lat=39.5811895
1/30/2022, 2:41:54 AM, weather, http://touristserver.sami200.repl.co/weather?long=-104.879495010822&lat=39.58848385
1/30/2022, 2:41:55 AM, weather, http://touristserver.sami200.repl.co/weather?long=-104.875802899682&lat=39.5847064
1/30/2022, 2:41:55 AM, weather, http://touristserver.sami200.repl.co/weather?long=-104.873780472859&lat=39.5829626
1/30/2022, 2:42:03 AM, weather, http://touristserver.sami200.repl.co/weather?long=-104.873780472859&lat=39.5829626
1/30/2022, 2:42:05 AM, weather, http://touristserver.sami200.repl.co/weather?long=-104.8787729934&lat=39.5811895
1/30/2022, 2:42:07 AM, weather, http://touristserver.sami200.repl.co/weather?long=-104.8787729934&lat=39.5811895
1/30/2022, 2:42:07 AM, weather, http://touristserver.sami200.repl.co/weather?long=-104.8787729934&lat=39.5811895
1/30/2022, 2:42:07 AM, weather, http://touristserver.sami200.repl.co/weather?long=-104.8787729934&lat=39.5811895
1/30/2022, 2:42:10 AM, weather, http://touristserver.sami200.repl.co/weather?long=-104.8787729934&lat=39.5811895
1/30/2022, 2:42:10 AM, weather, http://touristserver.sami200.repl.co/weather?long=-104.8787729934&lat=39.5811895
1/30/2022, 2:42:12 AM, weather, http://touristserver.sami200.repl.co/weather?long=-104.8787729934&lat=39.5811895
1/30/2022, 2:42:13 AM, weather, http://touristserver.sami200.repl.co/weather?long=-104.8787729934&lat=39.5811895
1/30/2022, 2:42:52 AM, ipinfo, http://touristserver.sami200.repl.co/ipinfo?url=https%3a%2f%2fipinfo.io%2f73.153.177.88%2fjson
1/30/2022, 2:42:53 AM, recommendations, http://touristserver.sami200.repl.co/recommendations?cpuserialid=BFEBFBFF000706E5&long=-104.8769&lat=39.5792
1/30/2022, 2:43:46 AM, ipinfo, http://touristserver.sami200.repl.co/ipinfo?url=https%3a%2f%2fipinfo.io%2f73.153.177.88%2fjson
1/30/2022, 2:43:50 AM, geoapify, http://touristserver.sami200.repl.co/geoapify?url=https%3a%2f%2fapi.geoapify.com%2fv2%2fplaces%2f%3fcategories%3dcommercial%26filter%3dcircle%3a-104.8769%2c39.5792%2c1609%26bias%3dproximity%3a-104.8769%2c39.5792%26limit%3d10&cpuserialid=BFEBFBFF000706E5
1/30/2022, 2:43:52 AM, weather, http://touristserver.sami200.repl.co/weather?long=-104.884876725&lat=39.5812133
1/30/2022, 2:43:53 AM, weather, http://touristserver.sami200.repl.co/weather?long=-104.8860761&lat=39.5815844
1/30/2022, 2:43:53 AM, weather, http://touristserver.sami200.repl.co/weather?long=-104.886751&lat=39.5811632
1/30/2022, 2:43:55 AM, weather, http://touristserver.sami200.repl.co/weather?long=-104.880522&lat=39.57031865
1/30/2022, 2:43:56 AM, weather, http://touristserver.sami200.repl.co/weather?long=-104.8860761&lat=39.5815844
1/30/2022, 2:43:57 AM, weather, http://touristserver.sami200.repl.co/weather?long=-104.875068289133&lat=39.57192905
1/30/2022, 2:43:57 AM, weather, http://touristserver.sami200.repl.co/weather?long=-104.8724265&lat=39.5862261
1/30/2022, 2:44:41 AM, weather, http://touristserver.sami200.repl.co/weather?long=-104.875068289133&lat=39.57192905
1/30/2022, 2:44:44 AM, weather, http://touristserver.sami200.repl.co/weather?long=-104.875068289133&lat=39.57192905
1/30/2022, 2:44:45 AM, weather, http://touristserver.sami200.repl.co/weather?long=-104.875068289133&lat=39.57192905
1/30/2022, 2:44:46 AM, weather, http://touristserver.sami200.repl.co/weather?long=-104.8750472&lat=39.5703053
1/30/2022, 2:44:47 AM, weather, http://touristserver.sami200.repl.co/weather?long=-104.8750472&lat=39.5703053
1/30/2022, 2:44:47 AM, weather, http://touristserver.sami200.repl.co/weather?long=-104.875068289133&lat=39.57192905
1/30/2022, 2:44:47 AM, weather, http://touristserver.sami200.repl.co/weather?long=-104.875068289133&lat=39.57192905
1/30/2022, 2:44:48 AM, weather, http://touristserver.sami200.repl.co/weather?long=-104.875068289133&lat=39.57192905
1/30/2022, 2:44:48 AM, weather, http://touristserver.sami200.repl.co/weather?long=-104.875068289133&lat=39.57192905
1/30/2022, 2:44:56 AM, weather, http://touristserver.sami200.repl.co/weather?long=-104.8750472&lat=39.5703053
1/30/2022, 2:44:58 AM, weather, http://touristserver.sami200.repl.co/weather?long=-104.8801614&lat=39.58113855
1/30/2022, 2:46:49 AM, ipinfo, http://touristserver.sami200.repl.co/ipinfo?url=https%3a%2f%2fipinfo.io%2f73.153.177.88%2fjson
1/30/2022, 2:46:51 AM, recommendations, http://touristserver.sami200.repl.co/recommendations?cpuserialid=BFEBFBFF000706E5&long=-104.8769&lat=39.5792
1/30/2022, 2:46:56 AM, ipinfo, http://touristserver.sami200.repl.co/ipinfo?url=https%3a%2f%2fipinfo.io%2f73.153.177.88%2fjson
1/30/2022, 2:46:59 AM, geoapify, http://touristserver.sami200.repl.co/geoapify?url=https%3a%2f%2fapi.geoapify.com%2fv2%2fplaces%2f%3fcategories%3dtourism%26filter%3dcircle%3a-104.8769%2c39.5792%2c48270%26bias%3dproximity%3a-104.8769%2c39.5792%26limit%3d10&cpuserialid=BFEBFBFF000706E5
1/30/2022, 2:47:04 AM, weather, http://touristserver.sami200.repl.co/weather?long=-104.8936788&lat=39.6019269
1/30/2022, 2:47:08 AM, weather, http://touristserver.sami200.repl.co/weather?long=-104.8924948&lat=39.6014032
1/30/2022, 2:47:13 AM, weather, http://touristserver.sami200.repl.co/weather?long=-104.8703107&lat=39.5619484
1/30/2022, 2:47:56 AM, ipinfo, http://touristserver.sami200.repl.co/ipinfo?url=https%3a%2f%2fipinfo.io%2f73.153.177.88%2fjson
1/30/2022, 2:47:57 AM, recommendations, http://touristserver.sami200.repl.co/recommendations?cpuserialid=BFEBFBFF000706E5&long=-104.8769&lat=39.5792
1/30/2022, 2:48:42 AM, ipinfo, http://touristserver.sami200.repl.co/ipinfo?url=https%3a%2f%2fipinfo.io%2f73.153.177.88%2fjson
1/30/2022, 2:48:44 AM, recommendations, http://touristserver.sami200.repl.co/recommendations?cpuserialid=BFEBFBFF000706E5&long=-104.8769&lat=39.5792
1/30/2022, 2:49:46 AM, ipinfo, http://touristserver.sami200.repl.co/ipinfo?url=https%3a%2f%2fipinfo.io%2f73.153.177.88%2fjson
1/30/2022, 2:49:48 AM, recommendations, http://touristserver.sami200.repl.co/recommendations?cpuserialid=BFEBFBFF000706E5&long=-104.8769&lat=39.5792
1/30/2022, 2:52:38 AM, ipinfo, http://touristserver.sami200.repl.co/ipinfo?url=https%3a%2f%2fipinfo.io%2f73.153.177.88%2fjson
1/30/2022, 2:52:41 AM, geoapify, http://touristserver.sami200.repl.co/geoapify?url=https%3a%2f%2fapi.geoapify.com%2fv2%2fplaces%2f%3fcategories%3dcatering%26filter%3dcircle%3a-104.8769%2c39.5792%2c48270%26bias%3dproximity%3a-104.8769%2c39.5792%26limit%3d10&cpuserialid=BFEBFBFF000706E5
1/30/2022, 2:57:46 AM, weather, http://touristserver.sami200.repl.co/weather?long=-104.876178596738&lat=39.58206355
1/30/2022, 2:57:46 AM, weather, http://touristserver.sami200.repl.co/weather?long=-104.876178596738&lat=39.58206355
1/30/2022, 2:57:47 AM, weather, http://touristserver.sami200.repl.co/weather?long=-104.8796968&lat=39.5810462
1/30/2022, 2:57:48 AM, weather, http://touristserver.sami200.repl.co/weather?long=-104.8796968&lat=39.5810462
1/30/2022, 2:57:50 AM, weather, http://touristserver.sami200.repl.co/weather?long=-104.8796968&lat=39.5810462
1/30/2022, 2:57:50 AM, weather, http://touristserver.sami200.repl.co/weather?long=-104.8796968&lat=39.5810462
1/30/2022, 2:57:50 AM, weather, http://touristserver.sami200.repl.co/weather?long=-104.8796968&lat=39.5810462
1/30/2022, 2:59:46 AM, weather, http://touristserver.sami200.repl.co/weather?long=-104.876178596738&lat=39.58206355
1/30/2022, 2:59:48 AM, weather, http://touristserver.sami200.repl.co/weather?long=-104.876178596738&lat=39.58206355
1/30/2022, 2:59:50 AM, weather, http://touristserver.sami200.repl.co/weather?long=-104.876178596738&lat=39.58206355
1/30/2022, 2:59:50 AM, weather, http://touristserver.sami200.repl.co/weather?long=-104.876178596738&lat=39.58206355
1/30/2022, 2:59:51 AM, weather, http://touristserver.sami200.repl.co/weather?long=-104.876178596738&lat=39.58206355
1/30/2022, 2:59:51 AM, weather, http://touristserver.sami200.repl.co/weather?long=-104.876178596738&lat=39.58206355
1/30/2022, 2:59:53 AM, weather, http://touristserver.sami200.repl.co/weather?long=-104.876178596738&lat=39.58206355
1/30/2022, 2:59:53 AM, weather, http://touristserver.sami200.repl.co/weather?long=-104.876178596738&lat=39.58206355
1/30/2022, 2:59:54 AM, weather, http://touristserver.sami200.repl.co/weather?long=-104.8710976&lat=39.5795267
1/30/2022, 2:59:54 AM, weather, http://touristserver.sami200.repl.co/weather?long=-104.8710976&lat=39.5795267
1/30/2022, 2:59:56 AM, weather, http://touristserver.sami200.repl.co/weather?long=-104.8710976&lat=39.5795267
1/30/2022, 2:59:57 AM, weather, http://touristserver.sami200.repl.co/weather?long=-104.8710976&lat=39.5795267
1/30/2022, 2:59:57 AM, weather, http://touristserver.sami200.repl.co/weather?long=-104.8710976&lat=39.5795267
1/30/2022, 2:59:58 AM, weather, http://touristserver.sami200.repl.co/weather?long=-104.8710976&lat=39.5795267
1/30/2022, 3:00:03 AM, weather, http://touristserver.sami200.repl.co/weather?long=-104.8796968&lat=39.5810462
1/30/2022, 3:00:05 AM, weather, http://touristserver.sami200.repl.co/weather?long=-104.8710976&lat=39.5795267
1/30/2022, 3:00:35 AM, ipinfo, http://touristserver.sami200.repl.co/ipinfo?url=https%3a%2f%2fipinfo.io%2f73.153.177.88%2fjson
1/30/2022, 3:00:36 AM, recommendations, http://touristserver.sami200.repl.co/recommendations?cpuserialid=BFEBFBFF000706E5&long=-104.8769&lat=39.5792
1/30/2022, 3:00:54 AM, ipinfo, http://touristserver.sami200.repl.co/ipinfo?url=https%3a%2f%2fipinfo.io%2f73.153.177.88%2fjson
1/30/2022, 3:00:56 AM, recommendations, http://touristserver.sami200.repl.co/recommendations?cpuserialid=BFEBFBFF000706E5&long=-104.8769&lat=39.5792
1/30/2022, 3:17:22 AM, ipinfo, http://touristserver.sami200.repl.co/ipinfo?url=https%3a%2f%2fipinfo.io%2f73.153.177.88%2fjson
1/30/2022, 3:17:23 AM, recommendations, http://touristserver.sami200.repl.co/recommendations?cpuserialid=BFEBFBFF000706E5&long=-104.8769&lat=39.5792
1/30/2022, 3:18:46 AM, ipinfo, http://touristserver.sami200.repl.co/ipinfo?url=https%3a%2f%2fipinfo.io%2f73.153.177.88%2fjson
1/30/2022, 3:18:49 AM, geoapify, http://touristserver.sami200.repl.co/geoapify?url=https%3a%2f%2fapi.geoapify.com%2fv2%2fplaces%2f%3fcategories%3dtourism%26filter%3dcircle%3a-104.8769%2c39.5792%2c80450%26bias%3dproximity%3a-104.8769%2c39.5792%26limit%3d10&cpuserialid=BFEBFBFF000706E5
1/30/2022, 3:19:19 AM, weather, http://touristserver.sami200.repl.co/weather?long=-104.8895392&lat=39.6005463
1/30/2022, 3:19:25 AM, ipinfo, http://touristserver.sami200.repl.co/ipinfo?url=https%3a%2f%2fipinfo.io%2f73.153.177.88%2fjson
1/30/2022, 3:19:29 AM, geoapify, http://touristserver.sami200.repl.co/geoapify?url=https%3a%2f%2fapi.geoapify.com%2fv2%2fplaces%2f%3fcategories%3daccommodation%26filter%3dcircle%3a-104.8769%2c39.5792%2c48270%26bias%3dproximity%3a-104.8769%2c39.5792%26limit%3d10&cpuserialid=BFEBFBFF000706E5
1/30/2022, 3:19:39 AM, ipinfo, http://touristserver.sami200.repl.co/ipinfo?url=https%3a%2f%2fipinfo.io%2f73.153.177.88%2fjson
1/30/2022, 3:19:40 AM, recommendations, http://touristserver.sami200.repl.co/recommendations?cpuserialid=BFEBFBFF000706E5&long=-104.8769&lat=39.5792
1/30/2022, 3:21:08 AM, ipinfo, http://touristserver.sami200.repl.co/ipinfo?url=https%3a%2f%2fipinfo.io%2f73.153.177.88%2fjson
1/30/2022, 3:21:09 AM, recommendations, http://touristserver.sami200.repl.co/recommendations?cpuserialid=BFEBFBFF000706E5&long=-104.8769&lat=39.5792
1/30/2022, 3:22:05 AM, ipinfo, http://touristserver.sami200.repl.co/ipinfo?url=https%3a%2f%2fipinfo.io%2f73.153.177.88%2fjson
1/30/2022, 3:22:06 AM, recommendations, http://touristserver.sami200.repl.co/recommendations?cpuserialid=BFEBFBFF000706E5&long=-104.8769&lat=39.5792
1/30/2022, 3:25:24 AM, ipinfo, http://touristserver.sami200.repl.co/ipinfo?url=https%3a%2f%2fipinfo.io%2f73.153.177.88%2fjson
1/30/2022, 3:25:27 AM, geoapify, http://touristserver.sami200.repl.co/geoapify?url=https%3a%2f%2fapi.geoapify.com%2fv2%2fplaces%2f%3fcategories%3dcatering%26filter%3dcircle%3a-104.8769%2c39.5792%2c72405%26bias%3dproximity%3a-104.8769%2c39.5792%26limit%3d10&cpuserialid=BFEBFBFF000706E5
1/30/2022, 3:25:31 AM, weather, http://touristserver.sami200.repl.co/weather?long=-104.873051561193&lat=39.57987395
1/30/2022, 3:25:31 AM, weather, http://touristserver.sami200.repl.co/weather?long=-104.87132&lat=39.5795174
1/30/2022, 3:25:32 AM, weather, http://touristserver.sami200.repl.co/weather?long=-104.873051561193&lat=39.57987395
1/30/2022, 3:25:33 AM, weather, http://touristserver.sami200.repl.co/weather?long=-104.8716039&lat=39.5795198
1/30/2022, 3:25:38 AM, ipinfo, http://touristserver.sami200.repl.co/ipinfo?url=https%3a%2f%2fipinfo.io%2f73.153.177.88%2fjson
1/30/2022, 3:25:40 AM, geoapify, http://touristserver.sami200.repl.co/geoapify?url=https%3a%2f%2fapi.geoapify.com%2fv2%2fplaces%2f%3fcategories%3daccommodation%26filter%3dcircle%3a-104.8769%2c39.5792%2c72405%26bias%3dproximity%3a-104.8769%2c39.5792%26limit%3d10&cpuserialid=BFEBFBFF000706E5
1/30/2022, 3:25:44 AM, weather, http://touristserver.sami200.repl.co/weather?long=-104.880418085675&lat=39.5737282
1/30/2022, 3:25:47 AM, weather, http://touristserver.sami200.repl.co/weather?long=-104.880418085675&lat=39.5737282
1/30/2022, 3:25:47 AM, weather, http://touristserver.sami200.repl.co/weather?long=-104.880418085675&lat=39.5737282
1/30/2022, 3:25:51 AM, weather, http://touristserver.sami200.repl.co/weather?long=-104.873780472859&lat=39.5829626
1/30/2022, 3:25:51 AM, weather, http://touristserver.sami200.repl.co/weather?long=-104.873780472859&lat=39.5829626
1/30/2022, 3:25:51 AM, weather, http://touristserver.sami200.repl.co/weather?long=-104.873780472859&lat=39.5829626
1/30/2022, 3:25:52 AM, weather, http://touristserver.sami200.repl.co/weather?long=-104.873780472859&lat=39.5829626
1/30/2022, 3:25:52 AM, weather, http://touristserver.sami200.repl.co/weather?long=-104.873780472859&lat=39.5829626
1/30/2022, 3:25:52 AM, weather, http://touristserver.sami200.repl.co/weather?long=-104.873780472859&lat=39.5829626
1/30/2022, 3:25:53 AM, weather, http://touristserver.sami200.repl.co/weather?long=-104.873780472859&lat=39.5829626
1/30/2022, 3:25:53 AM, weather, http://touristserver.sami200.repl.co/weather?long=-104.873780472859&lat=39.5829626
1/30/2022, 3:25:53 AM, weather, http://touristserver.sami200.repl.co/weather?long=-104.873780472859&lat=39.5829626
1/30/2022, 3:25:53 AM, weather, http://touristserver.sami200.repl.co/weather?long=-104.873780472859&lat=39.5829626
1/30/2022, 3:25:53 AM, weather, http://touristserver.sami200.repl.co/weather?long=-104.873780472859&lat=39.5829626
1/30/2022, 3:30:34 AM, ipinfo, http://touristserver.sami200.repl.co/ipinfo?url=https%3a%2f%2fipinfo.io%2f73.153.177.88%2fjson
1/30/2022, 3:30:36 AM, recommendations, http://touristserver.sami200.repl.co/recommendations?cpuserialid=BFEBFBFF000706E5&long=-104.8769&lat=39.5792
1/30/2022, 3:30:41 AM, ipinfo, http://touristserver.sami200.repl.co/ipinfo?url=https%3a%2f%2fipinfo.io%2f73.153.177.88%2fjson
1/30/2022, 3:30:43 AM, recommendations, http://touristserver.sami200.repl.co/recommendations?cpuserialid=BFEBFBFF000706E5&long=-104.8769&lat=39.5792
1/30/2022, 3:30:53 AM, ipinfo, http://touristserver.sami200.repl.co/ipinfo?url=https%3a%2f%2fipinfo.io%2f73.153.177.88%2fjson
1/30/2022, 4:33:15 PM, ipinfo, http://touristserver.sami200.repl.co/ipinfo?url=https%3a%2f%2fipinfo.io%2f73.153.177.88%2fjson
1/30/2022, 4:33:18 PM, recommendations, http://touristserver.sami200.repl.co/recommendations?cpuserialid=BFEBFBFF000706E5&long=-104.8769&lat=39.5792
1/30/2022, 4:33:25 PM, ipinfo, http://touristserver.sami200.repl.co/ipinfo?url=https%3a%2f%2fipinfo.io%2f73.153.177.88%2fjson
1/30/2022, 4:33:26 PM, recommendations, http://touristserver.sami200.repl.co/recommendations?cpuserialid=BFEBFBFF000706E5&long=-104.8769&lat=39.5792
1/31/2022, 3:17:57 AM, ipinfo, http://touristserver.sami200.repl.co/ipinfo?url=https%3a%2f%2fipinfo.io%2f73.153.177.88%2fjson
1/31/2022, 3:17:59 AM, recommendations, http://touristserver.sami200.repl.co/recommendations?cpuserialid=BFEBFBFF000706E5&long=-104.8769&lat=39.5792
1/31/2022, 3:55:29 AM, ipinfo, http://touristserver.sami200.repl.co/ipinfo?url=https%3a%2f%2fipinfo.io%2f73.153.177.88%2fjson
1/31/2022, 3:55:30 AM, recommendations, http://touristserver.sami200.repl.co/recommendations?cpuserialid=BFEBFBFF000706E5&long=-104.8769&lat=39.5792
1/31/2022, 3:55:37 AM, ipinfo, http://touristserver.sami200.repl.co/ipinfo?url=https%3a%2f%2fipinfo.io%2f73.153.177.88%2fjson
1/31/2022, 3:55:40 AM, geoapify, http://touristserver.sami200.repl.co/geoapify?url=https%3a%2f%2fapi.geoapify.com%2fv2%2fplaces%2f%3fcategories%3dcatering%26filter%3dcircle%3a-104.8769%2c39.5792%2c80450%26bias%3dproximity%3a-104.8769%2c39.5792%26limit%3d10&cpuserialid=BFEBFBFF000706E5
1/31/2022, 3:55:43 AM, weather, http://touristserver.sami200.repl.co/weather?long=-104.8720981&lat=39.5795221
1/31/2022, 3:59:59 AM, weather, http://touristserver.sami200.repl.co/weather?long=-104.8863679&lat=39.5811743
1/31/2022, 3:59:59 AM, weather, http://touristserver.sami200.repl.co/weather?long=-104.87132&lat=39.5795174
1/31/2022, 4:00:00 AM, weather, http://touristserver.sami200.repl.co/weather?long=-104.8863679&lat=39.5811743
1/31/2022, 4:00:00 AM, weather, http://touristserver.sami200.repl.co/weather?long=-104.876178596738&lat=39.58206355
1/31/2022, 4:00:01 AM, weather, http://touristserver.sami200.repl.co/weather?long=-104.873051561193&lat=39.57987395
1/31/2022, 4:00:01 AM, weather, http://touristserver.sami200.repl.co/weather?long=-104.8716039&lat=39.5795198
1/31/2022, 4:00:02 AM, weather, http://touristserver.sami200.repl.co/weather?long=-104.87132&lat=39.5795174
1/31/2022, 4:00:04 AM, weather, http://touristserver.sami200.repl.co/weather?long=-104.873051561193&lat=39.57987395
1/31/2022, 4:00:04 AM, weather, http://touristserver.sami200.repl.co/weather?long=-104.873051561193&lat=39.57987395
1/31/2022, 4:00:05 AM, weather, http://touristserver.sami200.repl.co/weather?long=-104.876178596738&lat=39.58206355
1/31/2022, 4:00:05 AM, weather, http://touristserver.sami200.repl.co/weather?long=-104.876178596738&lat=39.58206355
1/31/2022, 4:00:06 AM, weather, http://touristserver.sami200.repl.co/weather?long=-104.8796968&lat=39.5810462
1/31/2022, 4:00:07 AM, weather, http://touristserver.sami200.repl.co/weather?long=-104.873051561193&lat=39.57987395
1/31/2022, 4:00:08 AM, weather, http://touristserver.sami200.repl.co/weather?long=-104.873051561193&lat=39.57987395
1/31/2022, 4:00:08 AM, weather, http://touristserver.sami200.repl.co/weather?long=-104.8796968&lat=39.5810462
1/31/2022, 4:00:15 AM, weather, http://touristserver.sami200.repl.co/weather?long=-104.8867284&lat=39.5808038
1/31/2022, 4:00:17 AM, weather, http://touristserver.sami200.repl.co/weather?long=-104.8867284&lat=39.5808038
1/31/2022, 4:00:18 AM, weather, http://touristserver.sami200.repl.co/weather?long=-104.8867284&lat=39.5808038
1/31/2022, 4:31:14 AM, ipinfo, http://touristserver.sami200.repl.co/ipinfo?url=https%3a%2f%2fipinfo.io%2f71.205.192.41%2fjson
1/31/2022, 4:31:16 AM, recommendations, http://touristserver.sami200.repl.co/recommendations?cpuserialid=BFEBFBFF000206D7&long=-104.9847&lat=39.7392
1/31/2022, 4:35:09 AM, ipinfo, http://touristserver.sami200.repl.co/ipinfo?url=https%3a%2f%2fipinfo.io%2f71.205.192.41%2fjson
1/31/2022, 4:36:32 AM, geoapify, http://touristserver.sami200.repl.co/geoapify?url=https%3a%2f%2fapi.geoapify.com%2fv2%2fplaces%2f%3fcategories%3dcatering%26filter%3dcircle%3a-104.9847%2c39.7392%2c80450%26bias%3dproximity%3a-104.9847%2c39.7392%26limit%3d10&cpuserialid=BFEBFBFF000206D7
1/31/2022, 4:37:40 AM, weather, http://touristserver.sami200.repl.co/weather?long=-104.9828854&lat=39.7398679
1/31/2022, 4:37:45 AM, weather, http://touristserver.sami200.repl.co/weather?long=-104.9837982&lat=39.7402212
1/31/2022, 4:37:46 AM, weather, http://touristserver.sami200.repl.co/weather?long=-104.9837982&lat=39.7402212
1/31/2022, 4:37:47 AM, weather, http://touristserver.sami200.repl.co/weather?long=-104.9837982&lat=39.7402212
1/31/2022, 5:20:17 AM, ipinfo, http://touristserver.sami200.repl.co/ipinfo?url=https%3a%2f%2fipinfo.io%2f73.153.177.88%2fjson
1/31/2022, 5:20:20 AM, recommendations, http://touristserver.sami200.repl.co/recommendations?cpuserialid=BFEBFBFF000706E5&long=-104.8769&lat=39.5792
1/31/2022, 5:20:42 AM, ipinfo, http://touristserver.sami200.repl.co/ipinfo?url=https%3a%2f%2fipinfo.io%2f73.153.177.88%2fjson
1/31/2022, 5:20:43 AM, recommendations, http://touristserver.sami200.repl.co/recommendations?cpuserialid=BFEBFBFF000706E5&long=-104.8769&lat=39.5792
1/31/2022, 5:20:57 AM, ipinfo, http://touristserver.sami200.repl.co/ipinfo?url=https%3a%2f%2fipinfo.io%2f73.153.177.88%2fjson
1/31/2022, 5:21:05 AM, geoapify, http://touristserver.sami200.repl.co/geoapify?url=https%3a%2f%2fapi.geoapify.com%2fv2%2fplaces%2f%3fcategories%3dcatering.restaurant%26conditions%3dinternet_access%26filter%3dcircle%3a-104.8769%2c39.5792%2c56315%26bias%3dproximity%3a-104.8769%2c39.5792%26limit%3d10&cpuserialid=BFEBFBFF000706E5
1/31/2022, 5:21:18 AM, weather, http://touristserver.sami200.repl.co/weather?long=-104.893022&lat=39.6258878
1/31/2022, 5:22:10 AM, ipinfo, http://touristserver.sami200.repl.co/ipinfo?url=https%3a%2f%2fipinfo.io%2f73.153.177.88%2fjson
1/31/2022, 5:22:16 AM, geoapify, http://touristserver.sami200.repl.co/geoapify?url=https%3a%2f%2fapi.geoapify.com%2fv2%2fplaces%2f%3fcategories%3dcatering.restaurant%26filter%3dcircle%3a-104.8769%2c39.5792%2c56315%26bias%3dproximity%3a-104.8769%2c39.5792%26limit%3d10&cpuserialid=BFEBFBFF000706E5
1/31/2022, 5:22:52 AM, weather, http://touristserver.sami200.repl.co/weather?long=-104.8716039&lat=39.5795198
1/31/2022, 5:23:18 AM, ipinfo, http://touristserver.sami200.repl.co/ipinfo?url=https%3a%2f%2fipinfo.io%2f73.153.177.88%2fjson
1/31/2022, 5:23:34 AM, ipinfo, http://touristserver.sami200.repl.co/ipinfo?url=https%3a%2f%2fipinfo.io%2f73.153.177.88%2fjson
1/31/2022, 5:23:39 AM, geoapify, http://touristserver.sami200.repl.co/geoapify?url=https%3a%2f%2fapi.geoapify.com%2fv2%2fplaces%2f%3fcategories%3dentertainment.cinema%26filter%3dcircle%3a-104.8769%2c39.5792%2c72405%26bias%3dproximity%3a-104.8769%2c39.5792%26limit%3d10&cpuserialid=BFEBFBFF000706E5
1/31/2022, 5:23:48 AM, weather, http://touristserver.sami200.repl.co/weather?long=-104.90107&lat=39.6182061
1/31/2022, 5:23:51 AM, weather, http://touristserver.sami200.repl.co/weather?long=-104.938661&lat=39.6651623
1/31/2022, 5:23:52 AM, weather, http://touristserver.sami200.repl.co/weather?long=-104.844796532421&lat=39.5352909
1/31/2022, 5:24:12 AM, ipinfo, http://touristserver.sami200.repl.co/ipinfo?url=https%3a%2f%2fipinfo.io%2f73.153.177.88%2fjson
2/2/2022, 4:18:58 AM, ipinfo, http://touristserver.sami200.repl.co/ipinfo?url=https%3a%2f%2fipinfo.io%2f73.153.177.88%2fjson
2/2/2022, 4:19:00 AM, recommendations, http://touristserver.sami200.repl.co/recommendations?cpuserialid=BFEBFBFF000706E5&long=-104.8769&lat=39.5792
2/2/2022, 4:19:05 AM, ipinfo, http://touristserver.sami200.repl.co/ipinfo?url=https%3a%2f%2fipinfo.io%2f73.153.177.88%2fjson
2/2/2022, 4:19:09 AM, geoapify, http://touristserver.sami200.repl.co/geoapify?url=https%3a%2f%2fapi.geoapify.com%2fv2%2fplaces%2f%3fcategories%3daccommodation%26filter%3dcircle%3a-104.8769%2c39.5792%2c80450%26bias%3dproximity%3a-104.8769%2c39.5792%26limit%3d10&cpuserialid=BFEBFBFF000706E5
2/2/2022, 4:19:28 AM, ipinfo, http://touristserver.sami200.repl.co/ipinfo?url=https%3a%2f%2fipinfo.io%2f76.25.155.188%2fjson
2/2/2022, 4:19:30 AM, recommendations, http://touristserver.sami200.repl.co/recommendations?cpuserialid=BFEBFBFF000906EA&long=-104.9847&lat=39.7392
2/2/2022, 4:19:43 AM, ipinfo, http://touristserver.sami200.repl.co/ipinfo?url=https%3a%2f%2fipinfo.io%2f76.25.155.188%2fjson
2/2/2022, 4:19:47 AM, geoapify, http://touristserver.sami200.repl.co/geoapify?url=https%3a%2f%2fapi.geoapify.com%2fv2%2fplaces%2f%3fcategories%3dcatering.fast_food%26filter%3dcircle%3a-104.9847%2c39.7392%2c80450%26bias%3dproximity%3a-104.9847%2c39.7392%26limit%3d10&cpuserialid=BFEBFBFF000906EA
2/2/2022, 4:20:56 AM, weather, http://touristserver.sami200.repl.co/weather?long=-104.983933&lat=39.7365152
2/2/2022, 4:20:58 AM, weather, http://touristserver.sami200.repl.co/weather?long=-104.9793986&lat=39.7367895
2/2/2022, 4:21:01 AM, weather, http://touristserver.sami200.repl.co/weather?long=-104.9807885&lat=39.7401978
2/2/2022, 4:21:03 AM, weather, http://touristserver.sami200.repl.co/weather?long=-104.9807885&lat=39.7401978
2/2/2022, 4:21:04 AM, weather, http://touristserver.sami200.repl.co/weather?long=-104.9807885&lat=39.7401978
2/2/2022, 4:21:05 AM, weather, http://touristserver.sami200.repl.co/weather?long=-104.9807885&lat=39.7401978
2/2/2022, 4:21:06 AM, weather, http://touristserver.sami200.repl.co/weather?long=-104.9807885&lat=39.7401978
2/2/2022, 4:23:55 AM, ipinfo, http://touristserver.sami200.repl.co/ipinfo?url=https%3a%2f%2fipinfo.io%2f76.25.155.188%2fjson
2/2/2022, 4:23:56 AM, recommendations, http://touristserver.sami200.repl.co/recommendations?cpuserialid=BFEBFBFF000906EA&long=-104.9847&lat=39.7392
2/2/2022, 4:24:14 AM, bingmaps, http://touristserver.sami200.repl.co/bingmaps?url=https%3a%2f%2fdev.virtualearth.net%2fREST%2fv1%2fLocations%3fq%3d80111
2/2/2022, 4:24:18 AM, geoapify, http://touristserver.sami200.repl.co/geoapify?url=https%3a%2f%2fapi.geoapify.com%2fv2%2fplaces%2f%3fcategories%3dcatering.fast_food%26filter%3dcircle%3a-104.888137817383%2c39.6143684387207%2c80450%26bias%3dproximity%3a-104.888137817383%2c39.6143684387207%26limit%3d10&cpuserialid=BFEBFBFF000906EA
2/2/2022, 4:24:50 AM, weather, http://touristserver.sami200.repl.co/weather?long=-104.885784&lat=39.6231216
2/2/2022, 4:24:57 AM, weather, http://touristserver.sami200.repl.co/weather?long=-104.887758&lat=39.610052
2/2/2022, 4:24:59 AM, weather, http://touristserver.sami200.repl.co/weather?long=-104.885784&lat=39.6231216
2/2/2022, 4:25:00 AM, weather, http://touristserver.sami200.repl.co/weather?long=-104.88348&lat=39.6246064
2/2/2022, 4:25:01 AM, weather, http://touristserver.sami200.repl.co/weather?long=-104.885784&lat=39.6231216
2/2/2022, 4:25:05 AM, weather, http://touristserver.sami200.repl.co/weather?long=-104.887758&lat=39.610052
2/2/2022, 4:25:53 AM, ipinfo, http://touristserver.sami200.repl.co/ipinfo?url=https%3a%2f%2fipinfo.io%2f76.25.155.188%2fjson
2/2/2022, 4:25:55 AM, recommendations, http://touristserver.sami200.repl.co/recommendations?cpuserialid=BFEBFBFF000906EA&long=-104.9847&lat=39.7392
2/2/2022, 4:26:09 AM, ipinfo, http://touristserver.sami200.repl.co/ipinfo?url=https%3a%2f%2fipinfo.io%2f76.25.155.188%2fjson
2/2/2022, 4:26:13 AM, geoapify, http://touristserver.sami200.repl.co/geoapify?url=https%3a%2f%2fapi.geoapify.com%2fv2%2fplaces%2f%3fcategories%3dcatering.fast_food%26filter%3dcircle%3a-104.9847%2c39.7392%2c80450%26bias%3dproximity%3a-104.9847%2c39.7392%26limit%3d10&cpuserialid=BFEBFBFF000906EA
2/2/2022, 4:26:17 AM, weather, http://touristserver.sami200.repl.co/weather?long=-104.9833761&lat=39.7370192
2/2/2022, 4:26:19 AM, weather, http://touristserver.sami200.repl.co/weather?long=-104.9833761&lat=39.7370192
2/2/2022, 4:26:22 AM, weather, http://touristserver.sami200.repl.co/weather?long=-104.9833761&lat=39.7370192
2/2/2022, 4:26:25 AM, weather, http://touristserver.sami200.repl.co/weather?long=-104.9833761&lat=39.7370192
2/2/2022, 4:33:38 AM, ipinfo, http://touristserver.sami200.repl.co/ipinfo?url=https%3a%2f%2fipinfo.io%2f76.25.155.188%2fjson
2/2/2022, 4:33:39 AM, recommendations, http://touristserver.sami200.repl.co/recommendations?cpuserialid=BFEBFBFF000906EA&long=-104.9847&lat=39.7392
2/2/2022, 4:38:55 AM, ipinfo, http://touristserver.sami200.repl.co/ipinfo?url=https%3a%2f%2fipinfo.io%2f76.25.155.188%2fjson
2/2/2022, 4:38:56 AM, recommendations, http://touristserver.sami200.repl.co/recommendations?cpuserialid=BFEBFBFF000906EA&long=-104.9847&lat=39.7392
2/2/2022, 4:39:01 AM, ipinfo, http://touristserver.sami200.repl.co/ipinfo?url=https%3a%2f%2fipinfo.io%2f73.153.177.88%2fjson
2/2/2022, 4:39:03 AM, recommendations, http://touristserver.sami200.repl.co/recommendations?cpuserialid=BFEBFBFF000706E5&long=-104.8769&lat=39.5792
